,Player,Pos,Age,Tm,G,GS,MP,FG,FGA,FG%,3P,3PA,3P%,2P,2PA,2P%,FT,FTA,FT%,ORB,DRB,TRB,AST,STL,BLK,TOV,PF,PTS
0,Jaylen Adams,PG,23,POR,3,0,21,5.1,15.4,.333,0.0,6.9,.000,5.1,8.6,.600,0.0,0.0,,1.7,3.4,5.1,3.4,1.7,0.0,0.0,1.7,10.3
1,Steven Adams,C,26,OKC,7,7,210,5.3,8.9,.596,0.0,0.2,.000,5.3,8.7,.608,1.5,3.4,.450,5.8,8.1,13.9,1.5,0.7,0.3,2.7,1.7,12.2
2,Bam Adebayo,PF,22,MIA,19,19,687,6.5,11.5,.564,0.0,0.1,.000,6.5,11.5,.566,4.7,6.0,.783,2.5,7.8,10.3,4.4,1.0,0.8,2.5,3.0,17.7
3,Jarrett Allen,C,21,BRK,4,4,132,3.8,6.5,.583,0.0,0.0,,3.8,6.5,.583,3.5,4.4,.813,4.6,11.5,16.1,2.5,0.5,1.9,3.0,1.9,11.2
4,Justin Anderson,SF,26,BRK,3,0,28,6.4,15.4,.417,6.4,14.1,.455,0.0,1.3,.000,5.1,5.1,1.000,0.0,10.3,10.3,3.9,0.0,1.3,2.6,2.6,24.4
5,Giannis Antetokounmpo,PF,25,MIL,9,9,277,11.7,20.9,.559,1.7,5.2,.325,10.0,15.7,.636,6.1,10.5,.580,3.5,12.6,16.1,6.6,0.8,1.0,3.9,4.0,31.2
6,Carmelo Anthony,PF,35,POR,5,5,176,5.7,13.9,.412,1.6,3.9,.421,4.1,10.0,.408,2.5,2.9,.857,0.2,4.9,5.1,2.0,1.0,0.4,2.7,4.1,15.5
7,OG Anunoby,SF,22,TOR,11,11,393,3.7,8.1,.455,1.6,3.8,.415,2.1,4.3,.489,1.6,2.6,.643,2.4,4.6,7.0,1.2,1.0,1.2,1.5,2.5,10.5
8,D.J. Augustin,PG,32,ORL,5,0,128,5.1,12.9,.391,2.3,4.8,.471,2.8,8.2,.345,6.2,6.5,.957,0.0,2.8,2.8,8.4,0.3,0.0,3.4,1.7,18.6
9,J.J. Barea,PG,35,DAL,1,0,5,0.0,7.2,.000,0.0,0.0,,0.0,7.2,.000,21.6,21.6,1.000,0.0,0.0,0.0,0.0,0.0,0.0,7.2,7.2,21.6
10,Keita Bates-Diop,SF,24,DEN,5,0,24,1.5,7.5,.200,0.0,0.0,,1.5,7.5,.200,1.5,3.0,.500,4.5,4.5,9.0,1.5,0.0,0.0,0.0,0.0,4.5
11,Darius Bazley,PF,19,OKC,7,0,126,3.7,8.9,.419,3.1,6.3,.500,0.6,2.6,.222,2.6,2.9,.900,0.6,12.9,13.4,1.7,0.0,0.9,1.7,0.6,13.1
12,Patrick Beverley,PG,31,LAC,8,8,166,4.3,8.5,.513,1.7,4.8,.364,2.6,3.7,.706,0.4,0.9,.500,2.0,5.2,7.2,4.1,1.7,0.7,1.5,6.7,10.8
13,Khem Birch,C,27,ORL,5,0,89,2.8,5.7,.500,0.0,0.0,,2.8,5.7,.500,4.0,4.4,.909,3.6,6.5,10.1,2.8,0.4,0.0,2.0,4.4,9.7
14,Eric Bledsoe,PG,30,MIL,9,9,267,5.1,13.2,.388,1.1,4.3,.250,4.0,8.9,.455,2.8,3.5,.808,0.7,4.9,5.5,7.1,1.5,0.8,3.1,2.7,14.2
15,Bol Bol,SF,20,DEN,4,0,21,8.6,15.4,.556,3.4,5.1,.667,5.1,10.3,.500,12.0,13.7,.875,5.1,3.4,8.6,0.0,3.4,3.4,3.4,1.7,32.6
16,Chris Boucher,PF,27,TOR,7,0,43,2.5,9.2,.273,1.7,4.2,.400,0.8,5.0,.167,0.0,0.8,.000,2.5,7.5,10.0,0.8,0.0,1.7,0.8,4.2,6.7
17,Tony Bradley,C,22,UTA,6,0,48,1.5,6.8,.222,0.0,0.0,,1.5,6.8,.222,3.7,5.2,.714,7.5,9.7,17.2,0.7,1.5,1.5,3.0,3.0,6.8
18,Jarrell Brantley,PF,23,UTA,2,0,13,0.0,13.8,.000,0.0,8.3,.000,0.0,5.5,.000,2.8,5.5,.500,8.3,2.8,11.1,5.5,0.0,2.8,2.8,11.1,2.8
19,Malcolm Brogdon,PG,27,IND,4,4,160,5.9,14.6,.400,2.0,5.4,.375,3.8,9.2,.415,5.6,6.3,.893,0.0,3.8,3.8,9.0,0.9,0.0,2.3,2.3,19.4
20,,,,,,,,,,,,,,,,,,,,,,,,,,,,
21,Jaylen Brown,SF,23,BOS,17,17,672,7.3,15.4,.476,2.3,6.4,.358,5.0,9.0,.560,2.8,3.4,.841,1.3,5.5,6.8,2.1,1.4,0.5,2.2,2.6,19.8
22,Sterling Brown,SF,24,MIL,1,0,4,0.0,9.0,.000,0.0,9.0,.000,0.0,0.0,,0.0,0.0,,0.0,9.0,9.0,0.0,0.0,0.0,0.0,0.0,0.0
23,Trey Burke,PG,27,DAL,6,3,156,6.9,13.6,.508,1.8,3.9,.471,5.1,9.7,.524,1.4,2.3,.600,0.5,3.9,4.4,2.8,1.8,0.5,1.4,3.2,17.1
24,Alec Burks,SG,28,PHI,4,0,95,6.1,18.6,.327,1.1,6.1,.188,4.9,12.5,.394,2.7,3.4,.778,2.7,3.0,5.7,2.7,0.4,1.1,1.1,2.7,15.9
25,Deonte Burton,SG,26,OKC,1,0,2,0.0,0.0,,0.0,0.0,,0.0,0.0,,0.0,0.0,,0.0,0.0,0.0,0.0,0.0,0.0,0.0,0.0,0.0
26,Jimmy Butler,SF,30,MIA,21,21,806,6.4,13.2,.488,0.7,1.9,.349,5.8,11.3,.512,7.3,8.5,.859,2.1,4.0,6.1,5.7,1.8,0.6,2.6,1.7,20.9
27,Bruno Caboclo,C,24,HOU,2,0,7,5.1,10.3,.500,0.0,5.1,.000,5.1,5.1,1.000,0.0,0.0,,0.0,15.4,15.4,0.0,5.1,0.0,0.0,10.3,10.3
28,Kentavious Caldwell-Pope,SG,26,LAL,21,21,608,4.7,11.2,.418,2.7,7.0,.378,2.0,4.1,.486,1.3,1.6,.815,0.5,2.1,2.6,1.7,1.2,0.2,0.9,2.4,13.3
29,DeMarre Carroll,PF,33,HOU,2,0,6,6.0,12.0,.500,0.0,0.0,,6.0,12.0,.500,0.0,0.0,,0.0,18.0,18.0,6.0,0.0,0.0,0.0,6.0,12.0
30,Alex Caruso,PG,25,LAL,21,1,510,3.4,8.0,.425,1.2,4.3,.279,2.2,3.7,.596,1.7,2.1,.800,1.1,2.3,3.4,4.2,1.6,0.8,2.2,3.9,9.7
31,Tyson Chandler,C,37,HOU,1,0,0,,,,,,,,,,,,.000,,,,,,,,,
32,Chris Chiozza,PG,24,BRK,4,0,65,4.4,13.3,.333,2.8,8.9,.313,1.7,4.4,.375,1.1,2.2,.500,0.6,2.8,3.3,9.4,2.8,0.0,1.7,3.9,12.7
33,Gary Clark,PF,25,ORL,5,5,144,2.7,8.2,.333,2.7,8.0,.344,0.0,0.2,.000,1.0,1.2,.800,1.0,6.0,7.0,1.7,1.2,0.5,0.5,1.7,9.2
34,Jordan Clarkson,SG,27,UTA,7,0,200,8.1,17.5,.464,3.1,8.8,.347,5.0,8.6,.583,1.8,1.8,1.000,0.4,4.0,4.3,2.7,1.1,0.0,1.3,2.7,21.1
35,Chris Clemons,SG,22,HOU,2,0,8,9.0,22.5,.400,9.0,22.5,.400,0.0,0.0,,4.5,9.0,.500,0.0,9.0,9.0,0.0,0.0,0.0,0.0,0.0,31.5
36,Antonius Cleveland,SG,25,DAL,2,0,9,8.0,20.0,.400,0.0,0.0,,8.0,20.0,.400,0.0,0.0,,4.0,0.0,4.0,0.0,4.0,0.0,0.0,4.0,16.0
37,Amir Coffey,SG,22,LAC,3,0,7,0.0,15.4,.000,0.0,5.1,.000,0.0,10.3,.000,10.3,10.3,1.000,0.0,0.0,0.0,20.6,5.1,0.0,0.0,0.0,10.3
38,Mike Conley,PG,32,UTA,5,5,165,6.8,14.0,.484,3.9,7.4,.529,2.8,6.5,.433,4.1,4.8,.864,0.7,2.4,3.1,5.7,1.7,0.2,1.1,2.2,21.6
39,Pat Connaughton,SG,27,MIL,10,0,171,3.2,7.4,.429,1.7,4.8,.348,1.5,2.5,.583,0.4,0.4,1.000,1.1,7.2,8.2,2.3,0.4,0.4,1.1,2.5,8.4
40,Quinn Cook,PG,26,LAL,6,0,24,7.5,15.0,.500,3.0,6.0,.500,4.5,9.0,.500,1.5,1.5,1.000,0.0,1.5,1.5,7.5,0.0,0.0,1.5,1.5,19.5
41,,,,,,,,,,,,,,,,,,,,,,,,,,,,
42,Tyler Cook,PF,22,DEN,1,0,4,0.0,0.0,,0.0,0.0,,0.0,0.0,,0.0,0.0,,0.0,18.0,18.0,0.0,0.0,0.0,0.0,0.0,0.0
43,Robert Covington,C,29,HOU,12,12,379,4.5,9.0,.495,3.2,6.5,.500,1.2,2.6,.481,0.6,0.7,.857,0.8,4.9,5.7,1.5,2.8,1.2,1.1,4.3,12.7
44,Torrey Craig,SF,29,DEN,19,3,375,3.2,7.5,.423,1.1,4.0,.262,2.1,3.5,.611,0.9,1.2,.692,1.2,4.7,6.0,1.2,0.7,0.7,0.9,4.2,8.3
45,Jae Crowder,SF,29,MIA,21,21,660,4.4,11.0,.403,3.0,8.8,.342,1.4,2.2,.650,1.9,2.5,.761,0.6,5.8,6.4,2.1,0.8,0.7,0.8,3.0,13.7
46,Seth Curry,SG,29,DAL,6,0,173,6.5,11.0,.585,2.1,4.4,.476,4.4,6.7,.656,1.0,1.0,1.000,0.4,1.9,2.3,1.7,1.2,0.0,1.7,2.9,16.0
47,Troy Daniels,SG,28,DEN,6,0,30,7.2,14.4,.500,3.6,7.2,.500,3.6,7.2,.500,1.2,2.4,.500,1.2,2.4,3.6,2.4,0.0,0.0,0.0,2.4,19.2
48,Anthony Davis,PF,26,LAL,21,21,769,9.6,16.8,.571,1.1,2.8,.383,8.5,14.0,.609,7.0,8.4,.832,2.6,7.0,9.6,3.4,1.2,1.4,2.5,2.6,27.2
49,Terence Davis,SG,22,TOR,6,0,84,6.0,12.4,.483,3.4,8.1,.421,2.6,4.3,.600,3.0,3.0,1.000,0.9,4.7,5.6,3.0,0.4,0.0,2.6,4.7,18.4
50,Hamidou Diallo,SF,21,OKC,3,0,25,5.8,15.8,.364,1.4,7.2,.200,4.3,8.6,.500,5.8,10.1,.571,2.9,5.8,8.6,1.4,0.0,2.9,2.9,0.0,18.7
51,Donte DiVincenzo,SG,23,MIL,10,1,165,5.0,11.1,.451,1.5,4.6,.333,3.5,6.5,.533,2.8,4.4,.650,1.7,5.2,7.0,2.6,1.5,0.7,2.2,4.6,14.4
52,Luka Dončić,PG,20,DAL,6,6,215,10.7,21.4,.500,2.7,7.4,.364,8.0,14.1,.571,7.0,10.7,.656,0.7,9.2,9.9,8.7,1.2,0.5,5.2,2.8,31.1
53,Luguentz Dort,SG,20,OKC,6,6,175,5.6,15.6,.355,2.7,10.3,.260,2.9,5.3,.538,1.6,3.1,.533,1.0,3.5,4.5,1.2,0.4,1.2,3.1,5.1,15.4
54,PJ Dozier,PG,23,DEN,12,0,125,4.0,9.5,.424,0.6,2.3,.250,3.5,7.2,.480,2.3,4.0,.571,0.6,4.6,5.2,3.5,0.6,0.6,2.3,3.7,10.9
55,Goran Dragić,PG,33,MIA,17,16,553,7.7,17.4,.444,2.4,7.0,.346,5.3,10.5,.509,3.2,4.0,.803,0.8,3.6,4.5,4.9,1.1,0.1,2.5,3.3,21.1
56,Jared Dudley,SF,34,LAL,9,0,31,0.0,4.6,.000,0.0,3.5,.000,0.0,1.2,.000,0.0,0.0,,0.0,2.3,2.3,0.0,4.6,1.2,2.3,2.3,0.0
57,Carsen Edwards,SG,21,BOS,1,0,3,0.0,0.0,,0.0,0.0,,0.0,0.0,,0.0,0.0,,0.0,12.0,12.0,0.0,0.0,0.0,0.0,0.0,0.0
58,Joel Embiid,C,25,PHI,4,4,145,8.4,18.4,.459,1.0,4.0,.250,7.4,14.4,.517,11.9,14.6,.814,2.7,9.4,12.2,1.2,1.5,1.2,3.7,4.5,29.8
59,James Ennis,SF,29,ORL,5,5,119,3.6,10.6,.343,1.2,4.8,.250,2.4,5.7,.421,2.1,2.7,.778,1.8,7.0,8.8,1.8,1.5,0.6,1.8,5.7,10.6
60,Tacko Fall,C,24,BOS,2,0,3,12.0,12.0,1.000,0.0,0.0,,12.0,12.0,1.000,12.0,24.0,.500,0.0,12.0,12.0,0.0,0.0,0.0,0.0,0.0,36.0
61,Terrance Ferguson,SF,21,OKC,4,1,42,1.7,9.4,.182,1.7,8.6,.200,0.0,0.9,.000,0.0,0.0,,0.9,2.6,3.4,0.9,0.9,0.0,0.9,2.6,5.1
62,,,,,,,,,,,,,,,,,,,,,,,,,,,,
63,Dorian Finney-Smith,PF,26,DAL,6,6,191,4.3,9.8,.442,2.1,5.7,.367,2.3,4.1,.545,0.8,0.9,.800,2.3,4.1,6.4,3.6,1.3,0.6,1.7,4.1,11.5
64,Evan Fournier,SG,27,ORL,5,5,171,4.2,12.0,.351,2.5,7.4,.343,1.7,4.6,.364,2.5,3.6,.706,0.6,3.6,4.2,2.7,1.3,0.6,1.9,2.1,13.5
65,Michael Frazier,SG,25,HOU,4,0,12,3.0,12.0,.250,3.0,6.0,.500,0.0,6.0,.000,0.0,0.0,,3.0,9.0,12.0,6.0,0.0,0.0,3.0,0.0,9.0
66,Markelle Fultz,PG,21,ORL,5,5,147,5.9,14.7,.400,1.5,3.9,.375,4.4,10.8,.409,1.5,1.7,.857,0.0,2.7,2.7,6.4,1.2,0.7,3.2,4.9,14.7
67,Wenyen Gabriel,PF,22,POR,4,2,53,6.1,10.2,.600,1.4,3.4,.400,4.8,6.8,.700,0.7,1.4,.500,4.8,2.0,6.8,2.7,1.4,1.4,3.4,10.9,14.3
68,Danilo Gallinari,PF,31,OKC,7,7,212,5.4,13.4,.405,2.0,6.3,.324,3.4,7.1,.476,4.9,5.1,.967,0.8,5.6,6.5,1.2,0.8,0.2,2.5,1.9,17.8
69,Marc Gasol,C,35,TOR,11,11,228,3.9,10.1,.391,0.8,4.3,.185,3.2,5.8,.541,1.7,2.4,.733,0.6,6.9,7.6,4.6,0.8,1.1,2.5,5.1,10.4
70,Paul George,SF,29,LAC,13,13,479,6.6,16.6,.398,2.8,8.3,.333,3.8,8.3,.464,3.8,4.1,.909,1.1,4.9,5.9,3.7,1.4,0.5,3.0,3.7,19.8
71,Shai Gilgeous-Alexander,SG,21,OKC,7,7,279,5.0,11.6,.433,1.8,4.5,.400,3.2,7.1,.455,2.8,3.0,.957,0.4,4.4,4.8,3.7,0.9,0.4,1.9,2.2,14.7
72,Rudy Gobert,C,27,UTA,7,7,270,6.4,9.9,.649,0.0,0.0,,6.4,9.9,.649,2.9,5.6,.524,3.2,7.5,10.7,1.1,0.5,1.3,1.2,3.5,15.7
73,Eric Gordon,SF,31,HOU,12,12,410,6.3,15.5,.409,2.5,7.9,.322,3.8,7.6,.500,3.1,3.5,.875,0.5,2.3,2.8,3.2,0.9,0.6,2.1,2.3,18.3
74,Jerami Grant,PF,25,DEN,19,16,653,3.9,9.6,.406,1.7,5.2,.326,2.2,4.4,.500,2.6,3.0,.889,0.4,3.0,3.5,1.4,0.6,0.8,1.4,3.3,12.2
75,Danny Green,SG,32,LAL,21,21,525,4.0,11.7,.347,2.7,7.9,.339,1.4,3.8,.364,0.7,1.0,.667,1.7,2.8,4.5,1.8,1.4,1.1,0.8,3.3,11.5
76,JaMychal Green,PF,29,LAC,13,0,222,5.0,8.9,.564,1.6,3.7,.435,3.4,5.2,.656,1.1,1.5,.778,2.1,5.8,7.9,1.1,0.3,0.5,0.8,4.7,12.8
77,Javonte Green,SF,26,BOS,1,0,6,6.0,12.0,.500,6.0,12.0,.500,0.0,0.0,,0.0,0.0,,0.0,6.0,6.0,0.0,0.0,0.0,0.0,6.0,18.0
78,Jeff Green,C,33,HOU,12,0,341,5.4,10.9,.495,2.4,5.7,.426,3.0,5.2,.571,1.5,1.8,.824,0.5,5.8,6.3,2.0,0.6,0.6,1.6,2.9,14.7
79,Donta Hall,PF,22,BRK,3,0,20,5.4,9.0,.600,0.0,0.0,,5.4,9.0,.600,1.8,7.2,.250,5.4,3.6,9.0,0.0,0.0,3.6,1.8,1.8,12.6
80,Tim Hardaway Jr.,SG,27,DAL,6,6,204,7.1,16.8,.421,3.4,9.5,.352,3.7,7.2,.512,1.4,1.9,.727,0.5,3.2,3.7,1.9,0.4,0.0,0.5,2.8,18.9
81,James Harden,SG,30,HOU,12,12,448,8.8,18.3,.478,3.1,9.4,.333,5.6,8.9,.631,7.9,9.3,.845,1.0,4.4,5.4,7.4,1.4,0.8,3.6,3.5,28.5
82,Montrezl Harrell,C,26,LAC,13,0,243,7.0,12.1,.573,0.1,0.7,.200,6.8,11.4,.597,6.1,10.1,.603,1.6,4.0,5.6,0.7,0.7,1.0,1.8,4.1,20.1
83,,,,,,,,,,,,,,,,,,,,,,,,,,,,
84,Gary Harris,SG,25,DEN,14,12,379,3.2,8.5,.378,1.8,4.9,.365,1.4,3.6,.395,1.6,2.1,.773,0.7,2.0,2.7,2.3,1.5,0.4,2.0,4.3,9.9
85,Joe Harris,SF,28,BRK,2,2,72,6.0,11.5,.522,3.5,6.0,.583,2.5,5.5,.455,1.0,2.0,.500,1.0,9.0,10.0,1.0,0.5,0.0,1.5,4.5,16.5
86,Tobias Harris,PF,27,PHI,4,4,149,5.6,14.5,.383,0.5,3.6,.133,5.1,10.9,.467,3.6,4.6,.789,3.4,5.8,9.2,3.9,0.5,0.2,1.2,2.7,15.2
87,Gordon Hayward,SF,29,BOS,5,1,157,4.6,11.5,.400,1.6,5.5,.292,3.0,6.0,.500,1.6,1.8,.875,0.7,3.9,4.6,3.2,1.6,0.5,1.6,2.3,12.4
88,Tyler Herro,SG,20,MIA,21,5,706,6.1,14.1,.433,2.4,6.5,.375,3.7,7.6,.483,2.4,2.8,.870,0.4,5.1,5.5,3.9,0.4,0.1,2.1,1.6,17.1
89,Mario Hezonja,PF,24,POR,5,0,68,4.8,11.6,.409,1.1,3.7,.286,3.7,7.9,.467,1.6,2.1,.750,1.1,7.4,8.5,3.2,1.6,0.0,1.6,4.2,12.2
90,George Hill,PG,33,MIL,10,1,268,4.3,9.0,.478,1.3,3.8,.357,3.0,5.2,.564,2.8,3.5,.808,0.7,2.6,3.2,4.2,0.8,0.0,2.1,2.3,12.8
91,Solomon Hill,SF,28,MIA,7,0,42,4.3,7.7,.556,1.7,5.1,.333,2.6,2.6,1.000,0.0,0.0,,0.9,5.1,6.0,2.6,0.9,0.0,0.0,4.3,10.3
92,Jaylen Hoard,SF,20,POR,3,0,41,6.1,10.5,.583,0.0,0.0,,6.1,10.5,.583,0.0,0.0,,4.4,3.5,7.9,0.9,0.0,0.0,1.8,4.4,12.3
93,Aaron Holiday,PG,23,IND,4,2,72,6.0,10.5,.571,2.0,4.5,.444,4.0,6.0,.667,1.5,2.5,.600,0.5,2.0,2.5,5.0,2.0,0.0,2.0,5.0,15.5
94,Justin Holiday,SG,30,IND,4,2,131,2.7,5.8,.476,2.2,4.4,.500,0.5,1.4,.400,0.3,0.8,.333,1.1,3.0,4.1,0.8,1.6,1.4,0.8,2.2,8.0
95,Rondae Hollis-Jefferson,SF,25,TOR,5,0,39,3.7,9.2,.400,0.0,0.9,.000,3.7,8.3,.444,5.5,7.4,.750,4.6,4.6,9.2,2.8,1.8,0.9,0.9,4.6,12.9
96,Al Horford,C,33,PHI,4,3,129,3.3,7.0,.480,0.0,1.1,.000,3.3,5.9,.571,1.1,2.0,.571,2.5,5.6,8.1,2.5,0.3,1.4,0.8,3.9,7.8
97,Talen Horton-Tucker,SG,19,LAL,2,0,17,12.7,25.4,.500,4.2,10.6,.400,8.5,14.8,.571,0.0,0.0,,0.0,10.6,10.6,0.0,4.2,0.0,0.0,8.5,29.6
98,Danuel House,SF,26,HOU,9,4,279,4.8,11.0,.435,2.5,6.8,.358,2.3,4.1,.563,1.3,1.7,.769,1.3,5.4,6.7,1.7,1.0,0.0,0.9,2.8,13.3
99,Dwight Howard,C,34,LAL,18,7,282,5.0,7.3,.684,0.1,0.3,.500,4.9,7.0,.691,3.2,5.7,.556,4.1,6.5,10.6,1.1,1.0,1.0,2.0,7.0,13.3
100,Serge Ibaka,C,30,TOR,11,0,251,9.0,15.8,.573,3.3,6.5,.511,5.7,9.3,.615,2.0,2.0,1.000,2.4,9.8,12.2,1.9,0.3,2.0,1.7,3.9,23.4
101,Andre Iguodala,SG,36,MIA,21,0,410,2.6,5.7,.462,1.2,3.4,.359,1.4,2.3,.615,0.4,0.6,.714,1.0,3.8,4.7,2.7,1.5,1.1,1.2,3.9,6.9
102,Ersan İlyasova,PF,32,MIL,3,0,23,4.7,14.1,.333,1.6,7.8,.200,3.1,6.3,.500,3.1,3.1,1.000,0.0,6.3,6.3,0.0,3.1,0.0,1.6,4.7,14.1
103,Joe Ingles,SF,32,UTA,7,7,234,3.4,8.3,.407,2.2,6.2,.350,1.2,2.2,.571,0.9,0.9,1.000,0.2,3.5,3.7,5.1,0.6,0.2,0.6,2.3,9.8
104,,,,,,,,,,,,,,,,,,,,,,,,,,,,
105,Wesley Iwundu,SF,25,ORL,5,0,76,2.8,9.5,.300,1.9,3.3,.571,0.9,6.2,.154,2.4,3.8,.625,0.5,4.7,5.2,1.9,1.4,0.9,1.4,2.4,9.9
106,Justin Jackson,PF,24,DAL,3,0,16,2.3,13.5,.167,0.0,6.8,.000,2.3,6.8,.333,4.5,9.0,.500,0.0,6.8,6.8,0.0,0.0,0.0,0.0,2.3,9.0
107,Reggie Jackson,PG,29,LAC,12,1,170,4.4,10.2,.438,3.6,6.8,.531,0.8,3.4,.250,0.0,0.0,,0.4,4.0,4.4,2.3,0.4,0.2,1.1,3.8,12.5
108,LeBron James,PG,35,LAL,21,21,762,10.1,18.0,.560,2.1,5.6,.370,8.0,12.4,.646,5.1,7.1,.720,1.3,9.4,10.7,8.7,1.2,0.9,4.0,1.9,27.4
109,Alize Johnson,SF,23,IND,1,0,0,,,,,,,,,,,,,,,,,,,,,
110,B.J. Johnson,SF,24,ORL,1,0,4,9.0,18.0,.500,9.0,9.0,1.000,0.0,9.0,.000,0.0,0.0,,0.0,18.0,18.0,0.0,0.0,0.0,0.0,0.0,27.0
111,Stanley Johnson,PF,23,TOR,3,0,20,9.0,19.8,.455,3.6,9.0,.400,5.4,10.8,.500,1.8,1.8,1.000,1.8,5.4,7.2,10.8,0.0,0.0,1.8,5.4,23.4
112,Tyler Johnson,SG,27,BRK,4,2,93,8.1,17.8,.457,4.3,10.8,.393,3.9,7.0,.556,0.8,0.8,1.000,0.0,2.7,2.7,3.5,0.0,0.4,1.2,4.3,21.3
113,Nikola Jokić,C,24,DEN,19,19,694,9.2,17.8,.519,2.2,5.1,.429,7.1,12.7,.555,3.4,4.1,.835,1.9,7.8,9.7,5.7,1.0,0.8,3.2,3.5,24.1
114,Derrick Jones Jr.,SF,22,MIA,15,0,97,3.0,6.3,.471,1.5,3.3,.444,1.5,3.0,.500,0.7,1.9,.400,2.2,2.2,4.5,2.6,2.2,1.9,0.7,4.5,8.2
115,Enes Kanter,C,27,BOS,11,0,102,7.8,14.8,.524,0.4,0.4,1.000,7.4,14.5,.512,1.8,3.5,.500,6.7,8.5,15.2,2.5,0.0,0.0,1.4,6.7,17.6
116,Michael Kidd-Gilchrist,SF,26,DAL,6,0,55,2.6,9.2,.286,1.3,5.9,.222,1.3,3.3,.400,2.6,3.9,.667,1.3,2.6,3.9,2.0,0.7,0.7,0.7,5.2,9.2
117,Maxi Kleber,C,28,DAL,6,6,203,2.3,6.9,.333,0.9,4.6,.192,1.4,2.3,.615,1.6,2.1,.750,1.8,5.1,6.9,1.6,0.4,1.2,0.7,3.5,7.1
118,Furkan Korkmaz,SG,22,PHI,4,0,40,0.0,6.3,.000,0.0,5.4,.000,0.0,0.9,.000,2.7,4.5,.600,0.0,5.4,5.4,1.8,0.9,0.0,1.8,2.7,2.7
119,Kyle Korver,SF,38,MIL,10,0,119,6.1,14.2,.426,4.5,11.2,.405,1.5,3.0,.500,2.1,2.1,1.000,0.3,2.1,2.4,0.3,0.9,0.3,1.5,2.7,18.8
120,Rodions Kurucs,PF,21,BRK,4,1,58,6.8,12.4,.550,0.0,5.0,.000,6.8,7.4,.917,0.0,1.2,.000,1.9,6.2,8.1,1.9,0.6,1.2,1.9,5.6,13.7
121,Kyle Kuzma,PF,24,LAL,21,0,484,5.7,13.3,.430,1.9,6.2,.313,3.8,7.1,.531,2.2,2.8,.784,1.3,3.5,4.8,1.3,0.4,0.5,1.6,3.7,15.5
122,Romeo Langford,SG,20,BOS,7,0,46,3.1,7.8,.400,0.8,1.6,.500,2.3,6.3,.375,0.8,1.6,.500,0.0,2.3,2.3,1.6,0.8,0.0,1.6,3.1,7.8
123,Vic Law,SF,24,ORL,1,0,4,9.0,9.0,1.000,9.0,9.0,1.000,0.0,0.0,,0.0,0.0,,0.0,18.0,18.0,9.0,0.0,0.0,0.0,0.0,27.0
124,Kawhi Leonard,SF,28,LAC,13,13,511,9.2,18.9,.489,1.7,5.1,.329,7.5,13.7,.549,5.7,6.6,.862,1.7,6.8,8.5,5.1,2.1,0.8,2.3,2.0,25.9
125,,,,,,,,,,,,,,,,,,,,,,,,,,,,
126,Meyers Leonard,C,27,MIA,3,2,31,5.8,9.3,.625,2.3,4.6,.500,3.5,4.6,.750,2.3,2.3,1.000,0.0,1.2,1.2,3.5,1.2,0.0,0.0,4.6,16.3
127,Caris LeVert,SG,25,BRK,4,4,140,6.9,18.8,.370,2.3,5.4,.429,4.6,13.4,.346,4.6,6.4,.720,2.1,4.1,6.2,9.8,1.3,0.3,3.3,1.8,20.8
128,Damian Lillard,PG,29,POR,4,4,143,6.5,16.1,.406,3.3,8.3,.394,3.3,7.8,.419,8.1,8.3,.970,0.3,3.3,3.5,4.3,0.5,0.3,3.5,1.0,24.4
129,Brook Lopez,C,31,MIL,10,10,328,6.7,12.5,.535,2.3,5.8,.396,4.4,6.7,.656,1.6,2.2,.750,2.1,4.0,6.0,0.5,1.1,1.4,1.3,3.0,17.3
130,Robin Lopez,C,31,MIL,3,0,21,5.1,6.9,.750,0.0,0.0,,5.1,6.9,.750,0.0,0.0,,0.0,6.9,6.9,0.0,0.0,0.0,0.0,3.4,10.3
131,Kyle Lowry,PG,33,TOR,11,11,413,5.4,12.9,.419,2.0,6.3,.319,3.4,6.6,.513,4.2,5.2,.800,0.7,5.6,6.3,5.6,1.7,0.7,2.4,3.5,17.0
132,Timothé Luwawu-Cabarrot,SG,24,BRK,4,3,131,5.5,16.2,.339,3.6,10.7,.333,1.9,5.5,.350,3.0,3.3,.917,0.3,3.8,4.1,1.6,0.8,0.0,2.2,3.8,17.6
133,Terance Mann,SG,23,LAC,13,0,27,2.7,6.7,.400,0.0,2.7,.000,2.7,4.0,.667,0.0,0.0,,0.0,9.3,9.3,1.3,1.3,0.0,2.7,5.3,5.3
134,Boban Marjanović,C,31,DAL,6,0,82,7.5,13.2,.567,0.0,0.4,.000,7.5,12.7,.586,3.1,4.0,.778,2.6,12.7,15.4,2.2,0.0,0.9,1.3,4.0,18.0
135,Jeremiah Martin,PG,23,BRK,3,0,27,5.3,18.7,.286,4.0,6.7,.600,1.3,12.0,.111,1.3,1.3,1.000,0.0,4.0,4.0,5.3,0.0,1.3,2.7,2.7,16.0
136,Frank Mason III,PG,25,MIL,2,0,2,0.0,0.0,,0.0,0.0,,0.0,0.0,,0.0,0.0,,0.0,0.0,0.0,18.0,0.0,0.0,0.0,0.0,0.0
137,Wesley Matthews,SG,33,MIL,10,10,246,3.5,8.3,.421,2.5,6.3,.395,1.0,2.0,.500,1.0,1.5,.700,0.9,1.8,2.6,1.3,1.3,0.6,1.0,2.9,10.5
138,CJ McCollum,SG,28,POR,5,5,196,8.1,18.2,.444,2.4,6.4,.371,5.7,11.8,.484,2.8,4.0,.682,0.9,4.4,5.3,2.9,1.1,0.4,2.8,1.8,21.3
139,T.J. McConnell,PG,27,IND,3,0,28,3.9,10.3,.375,0.0,0.0,,3.9,10.3,.375,1.3,2.6,.500,0.0,7.7,7.7,9.0,0.0,0.0,2.6,5.1,9.0
140,Doug McDermott,PF,28,IND,4,0,54,2.7,10.0,.267,1.3,6.7,.200,1.3,3.3,.400,0.0,0.0,,0.0,2.0,2.0,0.7,0.7,0.0,0.7,2.0,6.7
141,JaVale McGee,C,32,LAL,14,11,135,5.3,8.5,.625,0.0,0.5,.000,5.3,8.0,.667,0.3,0.5,.500,4.3,7.5,11.7,1.9,0.5,2.7,2.4,5.9,10.9
142,Rodney McGruder,SG,28,LAC,5,0,16,6.8,11.3,.600,4.5,6.8,.667,2.3,4.5,.500,0.0,0.0,,2.3,6.8,9.0,4.5,0.0,0.0,0.0,0.0,18.0
143,Ben McLemore,SG,26,HOU,11,0,130,4.2,11.1,.375,3.9,10.0,.389,0.3,1.1,.250,0.0,0.0,,0.6,2.5,3.0,1.7,1.1,0.0,0.8,2.2,12.2
144,Khris Middleton,SF,28,MIL,10,10,355,7.2,18.3,.394,2.3,6.6,.354,4.9,11.7,.417,3.9,4.7,.826,0.5,6.5,7.0,6.1,1.1,0.2,3.4,4.2,20.6
145,Malcolm Miller,SF,26,TOR,1,0,5,7.2,21.6,.333,7.2,7.2,1.000,0.0,14.4,.000,0.0,0.0,,0.0,0.0,0.0,0.0,0.0,0.0,0.0,14.4,21.6
146,,,,,,,,,,,,,,,,,,,,,,,,,,,,
147,Paul Millsap,PF,34,DEN,19,19,459,3.7,9.3,.398,1.2,3.5,.341,2.5,5.8,.432,3.4,4.2,.796,2.0,4.9,7.0,1.8,0.9,0.7,2.0,3.8,11.9
148,Shake Milton,SG,23,PHI,4,4,126,6.0,12.6,.477,2.9,7.1,.400,3.1,5.4,.579,1.7,2.0,.857,0.3,3.4,3.7,3.1,0.6,0.0,1.7,3.7,16.6
149,Donovan Mitchell,SG,23,UTA,7,7,264,11.3,21.4,.529,4.5,8.7,.516,6.8,12.7,.538,7.5,7.9,.948,0.8,4.0,4.8,4.6,1.0,0.3,4.0,1.5,34.6
150,Juwan Morgan,PF,22,UTA,7,2,86,1.3,5.0,.250,0.8,4.2,.200,0.4,0.8,.500,0.8,2.5,.333,2.5,6.3,8.8,2.1,0.8,0.0,0.4,4.6,4.2
151,Marcus Morris,PF,30,LAC,13,13,388,5.2,10.3,.505,2.6,5.5,.475,2.6,4.8,.538,1.2,1.3,.929,1.0,4.8,5.8,1.9,1.0,0.1,0.8,3.6,14.2
152,Markieff Morris,PF,30,LAL,21,2,385,4.1,9.2,.449,2.7,6.5,.420,1.4,2.7,.517,0.7,0.8,.778,1.1,4.9,6.0,1.9,0.6,0.3,1.6,5.0,11.6
153,Monte Morris,PG,24,DEN,19,4,406,5.9,11.8,.496,1.1,3.5,.300,4.8,8.2,.581,2.5,3.0,.824,0.4,2.2,2.6,4.6,1.1,0.2,0.9,1.8,15.3
154,Emmanuel Mudiay,PG,23,UTA,3,0,34,5.3,14.8,.357,2.1,3.2,.667,3.2,11.6,.273,1.1,2.1,.500,1.1,5.3,6.4,2.1,0.0,1.1,1.1,0.0,13.8
155,Jamal Murray,PG,22,DEN,19,19,753,8.9,17.6,.505,3.0,6.5,.453,5.9,11.0,.537,3.3,3.7,.897,1.0,3.4,4.4,6.0,0.9,0.3,2.5,2.0,24.1
156,Džanan Musa,SF,20,BRK,3,0,39,1.8,10.2,.182,0.0,5.5,.000,1.8,4.6,.400,9.2,12.9,.714,0.9,1.8,2.8,3.7,0.0,0.9,2.8,1.8,12.9
157,Mike Muscala,C,28,OKC,2,0,20,1.8,3.6,.500,1.8,1.8,1.000,0.0,1.8,.000,0.0,0.0,,0.0,7.2,7.2,1.8,0.0,0.0,0.0,3.6,5.4
158,Abdel Nader,SF,26,OKC,3,0,25,1.4,10.1,.143,1.4,7.2,.200,0.0,2.9,.000,1.4,2.9,.500,1.4,2.9,4.3,0.0,1.4,2.9,0.0,1.4,5.8
159,Raul Neto,PG,27,PHI,2,0,26,4.2,12.5,.333,2.8,6.9,.400,1.4,5.5,.250,0.0,0.0,,0.0,4.2,4.2,4.2,1.4,0.0,1.4,0.0,11.1
160,Georges Niang,PF,26,UTA,7,0,114,6.9,13.9,.500,3.8,9.2,.414,3.2,4.7,.667,0.6,0.6,1.000,1.3,3.5,4.7,1.3,0.0,0.3,0.6,2.8,18.3
161,Joakim Noah,C,34,LAC,2,0,2,0.0,0.0,,0.0,0.0,,0.0,0.0,,0.0,0.0,,0.0,0.0,0.0,0.0,0.0,0.0,0.0,0.0,0.0
162,Nerlens Noel,C,25,OKC,7,0,97,3.0,6.3,.471,0.0,0.4,.000,3.0,5.9,.500,1.9,3.7,.500,1.9,8.9,10.8,1.1,0.7,1.9,0.7,5.6,7.8
163,Kendrick Nunn,SG,24,MIA,15,0,239,5.4,13.9,.391,1.8,6.5,.279,3.6,7.4,.490,1.2,1.2,1.000,0.5,4.4,4.8,3.0,0.5,0.5,1.8,3.2,13.9
164,Jusuf Nurkić,C,25,POR,5,5,161,5.6,12.7,.439,0.7,2.5,.273,4.9,10.3,.478,4.0,5.1,.783,3.1,8.5,11.6,4.0,1.6,0.2,2.9,4.7,15.9
165,Royce O'Neale,PF,26,UTA,7,7,249,1.9,4.6,.406,1.4,3.2,.455,0.4,1.4,.300,0.4,0.9,.500,0.4,5.1,5.5,2.7,1.3,0.3,1.9,3.6,5.6
166,Kyle O'Quinn,C,29,PHI,1,0,6,0.0,0.0,,0.0,0.0,,0.0,0.0,,0.0,0.0,,0.0,6.0,6.0,6.0,0.0,0.0,12.0,18.0,0.0
167,,,,,,,,,,,,,,,,,,,,,,,,,,,,
168,Semi Ojeleye,PF,25,BOS,13,0,122,2.1,8.3,.250,1.5,6.8,.217,0.6,1.5,.400,0.6,0.6,1.000,0.6,3.0,3.5,0.3,0.9,0.0,0.3,2.7,6.2
169,Victor Oladipo,SG,27,IND,4,4,123,6.4,16.4,.393,3.5,9.7,.364,2.9,6.7,.435,4.4,4.7,.938,0.0,3.8,3.8,2.9,2.6,0.0,4.1,4.1,20.8
170,Kelly Olynyk,C,28,MIA,17,0,258,6.3,13.3,.474,2.4,6.8,.347,3.9,6.4,.609,3.2,3.9,.821,1.8,9.2,11.0,2.7,0.6,1.1,1.8,4.9,18.1
171,Miye Oni,SG,22,UTA,2,0,14,7.7,15.4,.500,2.6,10.3,.250,5.1,5.1,1.000,0.0,0.0,,5.1,5.1,10.3,0.0,2.6,2.6,2.6,5.1,18.0
172,Patrick Patterson,PF,30,LAC,2,0,10,10.8,10.8,1.000,10.8,10.8,1.000,0.0,0.0,,0.0,0.0,,0.0,3.6,3.6,14.4,0.0,0.0,0.0,3.6,32.4
173,Chris Paul,PG,34,OKC,7,7,261,7.6,15.4,.491,2.2,5.9,.372,5.4,9.5,.565,3.2,3.6,.885,0.4,6.8,7.2,5.1,1.5,0.4,3.2,2.5,20.6
174,Norvel Pelle,C,26,PHI,1,0,7,0.0,0.0,,0.0,0.0,,0.0,0.0,,0.0,0.0,,0.0,0.0,0.0,0.0,5.1,5.1,0.0,0.0,0.0
175,Mason Plumlee,C,29,DEN,19,0,206,3.3,6.8,.487,0.0,0.2,.000,3.3,6.6,.500,1.4,2.1,.667,5.4,5.2,10.7,4.4,0.7,1.4,1.9,7.0,8.0
176,Vincent Poirier,C,26,BOS,1,0,2,0.0,0.0,,0.0,0.0,,0.0,0.0,,0.0,0.0,,0.0,0.0,0.0,18.0,18.0,0.0,0.0,0.0,0.0
177,Michael Porter Jr.,PF,21,DEN,19,3,451,6.2,13.1,.476,2.7,7.1,.382,3.5,6.0,.587,2.1,2.8,.743,1.7,8.5,10.1,1.3,1.0,0.5,2.0,3.4,17.2
178,Kristaps Porziņģis,PF,24,DAL,3,3,94,8.0,15.3,.525,3.4,6.5,.529,4.6,8.8,.522,7.7,8.8,.870,1.1,8.8,10.0,0.8,0.0,1.1,1.1,3.4,27.2
179,Norman Powell,SG,26,TOR,11,0,273,6.7,13.7,.490,2.9,6.9,.423,3.8,6.9,.558,3.0,3.8,.793,0.5,2.9,3.4,1.5,0.8,0.4,1.5,3.8,19.4
180,Josh Reaves,SG,22,DAL,2,0,9,4.0,12.0,.333,0.0,4.0,.000,4.0,8.0,.500,8.0,8.0,1.000,0.0,8.0,8.0,4.0,0.0,4.0,4.0,4.0,16.0
181,Josh Richardson,SG,26,PHI,4,4,144,5.0,14.0,.357,2.5,7.0,.357,2.5,7.0,.357,4.2,4.5,.944,1.0,2.7,3.7,3.2,0.5,0.5,2.0,3.0,16.7
182,Austin Rivers,SG,27,HOU,12,0,211,3.2,10.4,.311,1.5,6.0,.257,1.7,4.4,.385,1.7,2.2,.769,0.3,4.8,5.1,2.7,1.2,0.2,1.4,3.8,9.7
183,Andre Roberson,SG,28,OKC,1,0,3,0.0,12.0,.000,0.0,12.0,.000,0.0,0.0,,0.0,0.0,,0.0,0.0,0.0,0.0,0.0,0.0,0.0,12.0,0.0
184,Duncan Robinson,SG,25,MIA,21,21,600,4.5,10.6,.426,3.7,9.4,.397,0.8,1.2,.650,2.0,2.3,.868,0.3,3.2,3.5,2.3,0.8,0.4,1.0,3.9,14.7
185,Rajon Rondo,PG,33,LAL,16,0,395,5.0,11.0,.455,1.8,4.6,.400,3.2,6.5,.493,1.2,1.7,.684,1.2,5.1,6.3,9.6,2.0,0.2,3.1,3.3,13.0
186,Terrence Ross,SG,28,ORL,5,0,135,8.0,17.1,.469,2.7,8.0,.333,5.3,9.1,.588,3.2,3.7,.857,0.3,5.6,5.9,1.3,1.1,0.3,2.1,3.7,21.9
187,JaKarr Sampson,SF,26,IND,4,0,50,7.2,11.5,.625,0.0,0.0,,7.2,11.5,.625,0.0,0.0,,0.7,8.6,9.4,2.9,1.4,0.0,1.4,7.2,14.4
188,,,,,,,,,,,,,,,,,,,,,,,,,,,,
189,Dennis Schröder,PG,26,OKC,7,0,227,7.0,17.3,.404,2.1,7.1,.289,4.9,10.1,.484,3.2,4.0,.800,0.3,3.8,4.1,4.0,0.6,0.2,2.7,2.4,19.2
190,Mike Scott,PF,31,PHI,4,0,20,1.8,9.0,.200,0.0,3.6,.000,1.8,5.4,.333,7.2,7.2,1.000,3.6,10.8,14.4,1.8,0.0,0.0,0.0,3.6,10.8
191,Landry Shamet,SG,22,LAC,13,4,243,3.6,8.7,.407,2.2,6.2,.357,1.3,2.5,.529,0.7,1.0,.714,0.0,3.3,3.3,2.5,0.9,0.4,1.9,2.7,10.1
192,Pascal Siakam,PF,25,TOR,11,11,418,6.2,15.7,.396,0.9,4.6,.189,5.3,11.1,.481,2.8,4.0,.717,1.2,5.9,7.1,3.6,1.0,0.3,1.9,2.8,16.1
193,Anfernee Simons,SG,20,POR,4,0,82,3.5,11.4,.308,2.6,6.1,.429,0.9,5.3,.167,2.2,2.6,.833,0.4,4.4,4.8,4.4,2.6,0.0,1.8,3.1,11.9
194,Marcus Smart,SG,25,BOS,17,16,648,4.3,11.0,.394,2.3,6.8,.333,2.1,4.2,.493,2.7,3.1,.875,0.6,4.4,4.9,4.3,1.2,0.4,2.5,3.1,13.7
195,J.R. Smith,SG,34,LAL,10,0,75,3.4,12.5,.269,2.9,10.6,.273,0.5,1.9,.250,0.0,0.0,,0.0,1.4,1.4,1.4,1.0,0.0,3.4,5.3,9.6
196,Edmond Sumner,PG,24,IND,3,0,41,1.8,6.1,.286,0.0,2.6,.000,1.8,3.5,.500,1.8,1.8,1.000,0.9,4.4,5.3,0.0,0.0,0.0,1.8,4.4,5.3
197,Jayson Tatum,PF,21,BOS,17,17,690,7.6,17.4,.434,2.5,6.6,.373,5.1,10.9,.471,5.2,6.4,.813,1.1,7.7,8.9,4.4,0.9,1.0,2.5,2.1,22.8
198,Garrett Temple,SG,33,BRK,4,4,137,4.5,12.9,.347,2.4,9.5,.250,2.1,3.4,.615,1.3,1.6,.833,0.0,2.9,2.9,2.1,0.8,0.3,1.6,3.2,12.6
199,Daniel Theis,C,27,BOS,17,17,482,4.6,8.7,.521,0.3,1.9,.154,4.3,6.8,.626,1.9,2.5,.788,2.4,6.6,9.0,1.9,0.4,1.6,1.1,4.9,11.4
200,Lance Thomas,SF,31,BRK,3,0,17,2.1,10.6,.200,0.0,4.2,.000,2.1,6.4,.333,4.2,8.5,.500,2.1,4.2,6.4,0.0,0.0,2.1,0.0,4.2,8.5
201,Matt Thomas,SG,25,TOR,10,0,84,5.6,9.0,.619,2.1,5.1,.417,3.4,3.9,.889,0.0,0.0,,0.4,5.6,6.0,3.0,0.4,0.4,0.4,2.6,13.3
202,Matisse Thybulle,SG,22,PHI,4,1,75,1.4,3.4,.429,0.5,1.9,.250,1.0,1.4,.667,0.0,0.0,,0.5,2.9,3.4,1.0,1.4,0.5,1.0,2.9,3.4
203,Gary Trent Jr.,SG,21,POR,5,1,153,3.8,10.6,.356,2.4,5.6,.417,1.4,4.9,.286,1.4,1.6,.857,1.2,1.2,2.4,0.7,0.9,0.0,1.2,3.8,11.3
204,P.J. Tucker,PF,34,HOU,12,12,414,3.0,7.7,.398,2.2,5.8,.373,0.9,1.8,.476,0.0,0.0,,2.0,5.5,7.5,1.6,1.1,0.3,1.0,4.1,8.3
205,Rayjon Tucker,SG,22,UTA,2,0,11,6.5,16.4,.400,3.3,9.8,.333,3.3,6.5,.500,0.0,0.0,,0.0,0.0,0.0,0.0,0.0,0.0,3.3,3.3,16.4
206,Myles Turner,C,23,IND,4,4,146,6.2,10.8,.568,1.5,3.5,.429,4.7,7.4,.633,1.7,3.9,.438,2.7,7.9,10.6,0.7,0.5,3.9,2.2,3.2,15.5
207,Fred VanVleet,PG,25,TOR,11,11,430,6.4,15.9,.400,3.6,9.2,.391,2.8,6.7,.413,1.8,2.1,.840,0.4,3.6,4.0,6.4,1.5,0.6,1.8,2.3,18.1
208,Gabe Vincent,PG,23,MIA,1,0,0,,,,,,,,,,,,,,,,,,,,,
209,,,,,,,,,,,,,,,,,,,,,,,,,,,,
210,Noah Vonleh,PF,24,DEN,1,0,3,0.0,12.0,.000,0.0,0.0,,0.0,12.0,.000,0.0,0.0,,0.0,0.0,0.0,0.0,0.0,0.0,0.0,0.0,0.0
211,Nikola Vučević,C,29,ORL,5,5,185,10.9,21.6,.505,3.5,8.6,.409,7.4,13.0,.567,1.9,2.1,.909,1.8,9.0,10.7,3.9,0.8,0.6,2.5,2.5,27.2
212,Dion Waiters,SG,28,LAL,5,0,38,3.8,11.4,.333,0.0,3.8,.000,3.8,7.6,.500,1.9,1.9,1.000,0.0,1.9,1.9,1.9,0.9,0.9,0.9,1.9,9.5
213,Kemba Walker,PG,29,BOS,17,17,628,6.5,14.7,.441,2.2,7.2,.310,4.2,7.5,.569,4.0,4.6,.852,0.3,3.6,4.0,4.9,0.9,0.4,1.8,2.5,19.1
214,Brad Wanamaker,PG,30,BOS,17,0,273,3.8,7.9,.483,1.6,3.6,.444,2.2,4.4,.515,1.8,2.1,.875,0.3,4.2,4.5,4.0,1.6,0.5,2.4,4.2,11.1
215,T.J. Warren,SF,26,IND,4,4,156,7.4,15.7,.471,1.6,4.4,.368,5.8,11.3,.510,2.1,2.1,1.000,1.2,4.6,5.8,2.8,2.1,0.2,2.5,3.7,18.5
216,Tremont Waters,PG,22,BOS,1,0,2,0.0,18.0,.000,0.0,18.0,.000,0.0,0.0,,0.0,0.0,,0.0,18.0,18.0,18.0,0.0,0.0,0.0,0.0,0.0
217,Paul Watson,SF,25,TOR,2,0,9,4.0,8.0,.500,0.0,0.0,,4.0,8.0,.500,0.0,0.0,,0.0,0.0,0.0,4.0,4.0,0.0,0.0,0.0,8.0
218,Russell Westbrook,PG,31,HOU,8,8,262,8.1,19.2,.421,1.1,4.5,.242,7.0,14.7,.477,2.3,4.4,.531,1.5,6.2,7.7,5.1,1.6,0.3,4.1,3.2,19.6
219,Hassan Whiteside,C,30,POR,5,3,106,4.4,8.2,.542,0.3,0.3,1.000,4.1,7.8,.522,2.4,4.8,.500,2.4,9.5,11.9,0.7,0.3,3.4,2.0,5.8,11.5
220,Grant Williams,PF,21,BOS,17,0,170,3.2,5.5,.577,2.1,3.6,.588,1.1,1.9,.556,1.5,2.1,.700,1.5,4.0,5.5,1.3,0.4,1.1,0.8,7.0,10.0
221,Lou Williams,SG,33,LAC,13,0,341,6.5,15.4,.425,1.3,5.4,.235,5.3,10.0,.526,3.2,3.9,.811,0.7,3.6,4.3,5.8,1.1,0.2,2.2,1.9,17.5
222,Marvin Williams,PF,33,MIL,10,0,179,4.2,9.5,.447,2.0,4.6,.435,2.2,4.8,.458,0.6,0.6,1.000,2.6,7.0,9.7,1.8,1.0,0.6,0.6,2.8,11.1
223,Robert Williams,C,22,BOS,13,0,149,5.6,7.5,.742,0.0,0.2,.000,5.6,7.2,.767,0.5,1.4,.333,5.3,7.0,12.3,2.4,0.7,1.4,1.7,4.3,11.6
224,Nigel Williams-Goss,PG,25,UTA,1,0,2,0.0,0.0,,0.0,0.0,,0.0,0.0,,0.0,0.0,,0.0,0.0,0.0,18.0,0.0,0.0,0.0,0.0,0.0
225,Delon Wright,SG,27,DAL,4,0,53,4.1,6.8,.600,0.7,1.4,.500,3.4,5.4,.625,2.0,3.4,.600,0.7,1.4,2.0,4.8,3.4,0.0,3.4,1.4,10.9
226,Ivica Zubac,C,22,LAC,13,13,320,5.0,8.8,.564,0.0,0.0,,5.0,8.8,.564,3.4,4.2,.811,3.5,7.0,10.5,0.9,0.2,1.1,1.4,3.8,13.3
