,Player,Pos,Age,Tm,G,MP,PG%,SG%,SF%,PF%,C%,OnCourt,On-Off,BadPass,LostBall,Shoot,Off.,Shoot,Off.,PGA,And1,Blkd
0,,,,,,,,,,,,,,,,,,,,,,
1,Steven Adams,C,26,OKC,63,1680,,,,,100%,4.5,5.3,33,27,62,20,87,5,336,17,32
2,Bam Adebayo,PF,22,MIA,72,2417,,,,57%,44%,4.9,6.1,94,53,99,32,174,7,928,42,60
3,LaMarcus Aldridge,C,34,SAS,53,1754,,,,6%,94%,-3.8,-5.3,13,20,70,29,83,1,309,23,20
4,Kyle Alexander,PF,23,MIA,2,13,,,,90%,10%,-12.9,-15.9,1,0,0,0,0,0,0,0,0
5,Nickeil Alexander-Walker,SG,21,NOP,47,591,3%,49%,45%,3%,,-4.2,-3.4,38,8,33,3,19,15,210,3,20
6,Grayson Allen,SG,24,MEM,38,718,3%,74%,23%,,,-5.7,-6.3,19,8,34,1,19,10,127,4,9
7,Jarrett Allen,C,21,BRK,70,1852,,,,,100%,0.9,3.2,20,17,94,26,113,7,268,31,44
8,Kadeem Allen,SG,27,NYK,10,117,83%,15%,2%,,,-10.5,-4.3,2,2,2,1,2,1,51,1,2
9,Al-Farouq Aminu,PF,29,ORL,18,380,,,34%,65%,1%,-5.4,-5.0,7,3,13,4,14,3,46,1,4
10,Justin Anderson,SF,26,BRK,10,107,,31%,33%,32%,5%,0.8,1.5,2,1,9,0,3,3,19,2,2
11,Kyle Anderson,PF,26,MEM,67,1330,,,14%,71%,15%,-3.0,-3.7,35,17,59,6,40,12,369,7,17
12,Ryan Anderson,C,31,HOU,2,14,,,,,100%,21.9,19.0,1,0,1,0,0,0,6,0,0
13,Giannis Antetokounmpo,PF,25,MIL,63,1917,,,,76%,24%,15.8,12.7,66,58,50,65,306,10,902,94,69
14,Kostas Antetokounmpo,PF,22,LAL,5,20,,,,28%,72%,18.3,12.6,0,1,1,0,1,0,5,0,0
15,Thanasis Antetokounmpo,SF,27,MIL,20,129,,22%,65%,13%,,-3.1,-13.6,5,2,6,4,8,1,38,2,3
16,Carmelo Anthony,PF,35,POR,58,1902,,,5%,89%,5%,0.4,2.9,35,17,66,30,80,7,212,16,46
17,OG Anunoby,SF,22,TOR,69,2066,,2%,62%,35%,1%,6.8,0.3,29,20,75,13,42,15,276,12,60
18,Ryan Arcidiacono,PG,25,CHI,58,930,100%,,,,,-4.2,-1.3,24,8,45,1,9,32,237,0,10
19,Trevor Ariza,SF,34,TOT,53,1493,,2%,88%,10%,,-0.2,1.7,28,10,33,5,36,15,223,8,11
20,Trevor Ariza,SF,34,SAC,32,791,,1%,89%,10%,,-2.1,0.0,16,3,19,3,12,8,122,2,4
21,Trevor Ariza,SF,34,POR,21,702,,4%,88%,9%,,1.9,3.6,12,7,14,2,24,7,101,6,7
22,D.J. Augustin,PG,32,ORL,57,1420,100%,,,,,2.1,5.2,51,20,22,10,64,12,640,11,31
23,,,,,,,,,,,,,,,,,,,,,,
24,Deandre Ayton,C,21,PHO,38,1236,,,,1%,99%,3.4,4.5,21,21,72,15,44,2,165,15,37
25,Dwayne Bacon,SG,24,CHO,39,687,3%,43%,55%,,,-7.8,-0.9,12,11,21,6,29,4,137,9,20
26,Marvin Bagley III,PF,20,SAC,13,334,,,,13%,87%,-14.0,-13.2,3,6,21,2,18,4,24,7,16
27,Lonzo Ball,PG,22,NOP,63,2025,86%,15%,,,,-1.0,0.8,129,29,67,13,26,7,1045,5,34
28,Mo Bamba,C,21,ORL,62,878,,,,,100%,1.6,3.5,9,9,77,14,21,2,108,4,25
29,J.J. Barea,PG,35,DAL,29,450,100%,,,,,0.7,-4.8,28,7,8,2,11,17,264,2,7
30,Harrison Barnes,PF,27,SAC,72,2482,,,43%,54%,3%,-2.5,-1.4,36,26,46,15,122,20,407,22,40
31,RJ Barrett,SG,19,NYK,56,1704,,72%,27%,1%,,-9.2,-6.1,65,34,58,15,121,11,322,26,60
32,Will Barton,SF,29,DEN,58,1916,,28%,71%,1%,,6.0,8.2,45,19,58,12,57,8,485,16,45
33,Keita Bates-Diop,SF,24,TOT,44,744,,4%,28%,66%,2%,-11.2,-11.4,7,5,28,2,39,0,77,9,19
34,Keita Bates-Diop,SF,24,MIN,37,646,,1%,26%,71%,2%,-11.8,-9.0,4,5,22,2,33,0,77,7,15
35,Keita Bates-Diop,SF,24,DEN,7,98,,24%,46%,30%,,-7.3,-9.8,3,0,6,0,6,0,0,2,4
36,Nicolas Batum,SF,31,CHO,22,505,,,67%,32%,,-2.9,5.1,11,3,13,0,4,13,158,1,4
37,Aron Baynes,C,33,PHO,42,934,,,,12%,88%,-1.4,-2.5,12,8,71,20,27,21,163,8,16
38,Kent Bazemore,SF-SG,30,TOT,68,1688,,37%,61%,1%,,1.3,3.7,55,20,94,11,60,34,213,14,37
39,Kent Bazemore,SF,30,POR,43,1111,,12%,86%,2%,,1.0,2.8,42,11,53,4,31,21,138,6,18
40,Kent Bazemore,SG,30,SAC,25,577,,87%,13%,,,1.7,4.7,13,9,41,7,29,13,75,8,19
41,Darius Bazley,PF,19,OKC,61,1130,,,2%,93%,5%,-2.8,-6.6,21,8,32,8,30,7,104,3,28
42,Bradley Beal,SG,26,WAS,57,2053,2%,82%,16%,,,-4.7,-0.3,95,59,52,27,196,20,815,40,52
43,Malik Beasley,SG,23,TOT,55,1209,4%,92%,4%,,,-1.9,-1.0,23,18,32,8,26,7,187,5,29
44,Malik Beasley,SG,23,DEN,41,746,5%,90%,5%,,,2.4,0.2,11,12,18,6,14,5,117,2,18
45,Malik Beasley,SG,23,MIN,14,463,2%,96%,2%,,,-8.4,-4.5,12,6,14,2,12,2,70,3,11
46,Marco Belinelli,SG,33,SAS,57,883,1%,24%,67%,9%,,1.1,3.1,7,6,27,1,20,6,160,4,9
47,Jordan Bell,C-PF,25,TOT,29,256,,,,70%,30%,-2.7,-0.1,10,7,13,1,8,3,40,1,4
48,Jordan Bell,C,25,MIN,27,235,,,,70%,30%,-2.5,2.3,8,7,11,1,7,3,36,1,4
49,Jordan Bell,PF,25,MEM,2,21,,,,72%,28%,-5.7,-5.0,2,0,2,0,1,0,4,0,0
50,DeAndre' Bembry,SG,25,ATL,43,915,12%,80%,8%,,,-11.6,-5.1,36,16,31,4,23,12,190,3,18
51,Dragan Bender,SF,22,TOT,16,286,,,8%,78%,14%,0.4,-0.9,12,2,29,4,8,1,64,2,8
52,Dragan Bender,SF,22,MIL,7,91,,,,93%,8%,23.8,14.2,4,1,13,0,2,0,21,1,4
53,Dragan Bender,SF,22,GSW,9,195,,,12%,71%,17%,-11.2,-2.5,8,1,16,4,6,1,43,1,4
54,,,,,,,,,,,,,,,,,,,,,,
55,Dāvis Bertāns,PF,27,WAS,54,1583,,,,84%,16%,-0.3,7.9,41,11,68,5,35,29,221,8,19
56,Patrick Beverley,PG,31,LAC,51,1342,99%,1%,,,,10.5,6.6,39,9,54,7,17,28,458,5,8
57,Khem Birch,C,27,ORL,48,922,,,,37%,64%,-6.9,-8.0,6,9,48,12,47,6,126,5,10
58,Goga Bitadze,C,20,IND,54,471,,,,2%,98%,-0.7,-3.4,7,5,38,8,13,1,54,1,3
59,Bismack Biyombo,C,27,CHO,53,1029,,,,3%,97%,-6.6,0.7,12,12,51,13,60,3,116,12,33
60,Nemanja Bjelica,PF,31,SAC,72,2011,,,,81%,19%,-1.1,2.4,39,23,103,17,40,7,500,14,27
61,Eric Bledsoe,PG,30,MIL,61,1646,90%,10%,,,,11.8,3.5,75,39,39,24,106,15,799,32,39
62,Bogdan Bogdanović,SG,27,SAC,61,1766,,40%,53%,7%,,-1.6,1.0,50,31,49,8,43,15,494,16,30
63,Bojan Bogdanović,SF,30,UTA,63,2083,,5%,78%,16%,,5.5,8.0,79,46,38,10,110,9,324,27,72
64,Bol Bol,SF,20,DEN,7,87,,4%,58%,38%,,-11.4,-13.9,2,3,8,2,5,0,13,1,1
65,Jonah Bolden,PF,24,TOT,7,47,,,,34%,66%,-2.3,-3.7,1,1,5,0,1,1,0,0,1
66,Jonah Bolden,PF,24,PHI,4,14,,,,68%,32%,-43.5,-46.1,1,1,2,0,1,0,0,0,0
67,Jonah Bolden,PF,24,PHO,3,33,,,,20%,80%,15.7,15.4,0,0,3,0,0,1,0,0,1
68,Marques Bolden,C,21,CLE,1,3,,,,,100%,47.6,55.7,0,0,1,0,0,0,0,0,0
69,Jordan Bone,PG,22,DET,10,53,97%,3%,,,,4.3,8.6,0,0,1,1,0,0,21,0,1
70,Isaac Bonga,SF,20,WAS,66,1250,,2%,72%,25%,1%,0.0,7.1,29,14,89,6,43,26,190,15,14
71,Devin Booker,SG,23,PHO,70,2512,1%,86%,12%,1%,,2.1,6.0,137,65,65,46,187,24,1109,37,68
72,Chris Boucher,PF,27,TOR,62,819,,,5%,42%,53%,7.4,1.0,12,8,72,3,58,7,68,16,19
73,Brian Bowen,SG,21,IND,6,31,,23%,77%,,,19.4,17.3,1,0,1,0,0,1,0,0,1
74,Ky Bowman,PG,22,GSW,45,1015,100%,,,,,-8.5,0.4,39,18,44,5,18,16,302,6,17
75,Avery Bradley,SG,29,LAL,49,1186,,85%,14%,1%,,7.6,2.8,26,11,41,4,9,7,141,2,23
76,Tony Bradley,C,22,UTA,58,663,,,,,100%,-1.3,-4.4,4,2,75,17,21,1,62,6,20
77,,,,,,,,,,,,,,,,,,,,,,
78,Jarrell Brantley,PF,23,UTA,9,96,,,28%,68%,4%,-19.5,-22.4,3,2,5,2,1,0,28,0,1
79,Ignas Brazdeikis,SF,21,NYK,9,53,,,92%,8%,,-14.3,-8.1,2,0,3,0,3,0,9,1,0
80,Corey Brewer,SG,33,SAC,5,33,,,20%,80%,,8.6,10.8,1,0,3,1,2,1,4,1,0
81,Mikal Bridges,SF,23,PHO,73,2042,,12%,78%,10%,,3.2,6.5,41,17,87,6,44,26,316,11,33
82,Miles Bridges,SF,21,CHO,65,1995,,3%,72%,25%,,-9.9,-7.5,47,18,61,15,58,7,285,13,44
83,Oshae Brissett,SF,21,TOR,19,135,,2%,55%,40%,3%,15.3,9.0,3,2,9,1,4,0,20,0,5
84,Ryan Broekhoff,SG,29,DAL,17,180,,4%,76%,21%,,0.9,-4.2,4,2,8,0,3,1,28,0,3
85,Malcolm Brogdon,PG,27,IND,54,1666,58%,41%,1%,,,2.8,0.8,72,36,42,14,58,9,870,12,53
86,Dillon Brooks,SG,24,MEM,73,2112,,68%,32%,,,-1.0,-0.6,52,30,119,22,91,19,356,24,38
87,Bruce Brown,SG,23,DET,58,1634,26%,57%,18%,,,-3.8,0.6,61,25,85,9,54,9,550,11,43
88,Charlie Brown,SG,22,ATL,10,40,10%,57%,33%,,,37.0,45.5,2,0,2,0,3,1,5,1,0
89,Jaylen Brown,SF,23,BOS,57,1934,,50%,46%,4%,,6.1,-0.8,42,46,65,15,111,8,280,25,66
90,Moses Brown,C,20,POR,9,33,,,,,100%,-45.7,-45.2,2,0,6,1,4,0,2,0,0
91,Sterling Brown,SF,24,MIL,52,767,1%,30%,61%,8%,,4.8,-6.6,21,9,27,7,21,2,123,7,30
92,Troy Brown Jr.,SG,20,WAS,69,1782,,21%,68%,11%,,-6.0,-3.0,38,22,53,10,61,14,421,17,46
93,Jalen Brunson,PG,23,DAL,57,1022,96%,4%,,,,8.1,4.5,33,16,32,9,30,26,477,12,11
94,Thomas Bryant,C,22,WAS,46,1147,,,,6%,94%,-7.4,-4.2,17,9,48,18,62,4,189,22,14
95,Reggie Bullock,SG,28,NYK,29,684,2%,72%,26%,,,-5.4,1.2,10,5,25,1,9,6,96,4,9
96,Trey Burke,PG,27,TOT,33,520,98%,3%,,,,2.4,-1.4,12,2,10,6,10,3,199,3,15
97,Trey Burke,PG,27,PHI,25,329,100%,,,,,4.9,2.8,8,0,5,3,5,1,125,2,8
98,Trey Burke,PG,27,DAL,8,191,93%,7%,,,,-1.5,-6.8,4,2,5,3,5,2,74,1,7
99,Alec Burks,SG,28,TOT,66,1754,7%,45%,46%,2%,,-6.3,-4.5,57,14,48,13,120,18,438,27,43
100,Alec Burks,SG,28,GSW,48,1390,8%,42%,49%,2%,,-9.2,-0.7,46,14,40,9,101,15,342,20,33
101,Alec Burks,SG,28,PHI,18,364,5%,54%,38%,3%,,5.1,3.1,11,0,8,4,19,3,96,7,10
102,,,,,,,,,,,,,,,,,,,,,,
103,Deonte Burton,SG,26,OKC,39,356,11%,46%,38%,6%,,-11.7,-15.0,8,3,18,3,7,1,44,4,7
104,Jimmy Butler,SF,30,MIA,58,1959,,,53%,46%,1%,5.8,6.4,77,17,29,19,232,4,851,48,45
105,Bruno Caboclo,C,24,TOT,30,244,,,,8%,92%,-4.6,-5.9,7,4,20,2,4,3,28,1,5
106,Bruno Caboclo,C,24,MEM,22,192,,,,10%,90%,-3.1,-2.5,3,2,16,2,2,3,22,1,4
107,Bruno Caboclo,C,24,HOU,8,52,,,,,100%,-10.2,-13.4,4,2,4,0,2,0,6,0,1
108,Devontae Cacok,C,23,LAL,1,9,,,,,100%,17.5,11.8,0,0,0,0,0,0,2,0,0
109,Kentavious Caldwell-Pope,SG,26,LAL,69,1762,,35%,58%,7%,,4.5,-2.6,39,15,65,3,41,21,267,9,15
110,Vlatko Čančar,SF,22,DEN,14,45,,10%,24%,48%,18%,-7.6,-10.0,2,0,3,1,1,0,6,0,1
111,Clint Capela,C,25,HOU,39,1279,,,,,100%,2.4,-1.0,22,22,35,9,54,12,122,16,40
112,DeMarre Carroll,SF-PF,33,TOT,24,290,,1%,60%,39%,,0.2,-0.8,6,5,16,4,20,2,65,2,4
113,DeMarre Carroll,SF,33,SAS,15,135,,,73%,27%,,7.2,8.7,4,1,8,4,10,0,26,0,2
114,DeMarre Carroll,PF,33,HOU,9,155,,2%,49%,49%,,-5.6,-9.0,2,4,8,0,10,2,39,2,2
115,Jevon Carter,PG,24,PHO,58,945,100%,,,,,1.2,1.0,15,6,47,3,7,9,201,2,11
116,Vince Carter,SF,43,ATL,60,876,,13%,58%,28%,1%,-9.4,-2.0,21,3,44,5,9,4,115,2,6
117,Wendell Carter Jr.,C,20,CHI,43,1256,,,,,100%,-0.9,4.0,17,23,83,22,66,10,132,10,32
118,Michael Carter-Williams,SG,28,ORL,45,833,32%,67%,1%,,,1.8,3.7,32,14,33,3,47,32,258,13,20
119,Alex Caruso,PG,25,LAL,64,1175,53%,46%,1%,,,10.4,7.1,34,15,37,3,34,26,291,9,24
120,Willie Cauley-Stein,C,26,TOT,54,1097,,,,1%,99%,-5.5,-4.8,13,13,67,7,34,4,165,8,18
121,Willie Cauley-Stein,C,26,GSW,41,940,,,,,100%,-7.1,2.4,12,13,57,5,28,4,141,5,16
122,Willie Cauley-Stein,C,26,DAL,13,157,,,,5%,95%,4.2,-0.7,1,0,10,2,6,0,24,3,2
123,Tyson Chandler,C,37,HOU,26,219,,,,,100%,4.7,1.8,1,1,21,4,6,2,13,1,1
124,Wilson Chandler,SF,32,BRK,35,734,,1%,21%,75%,3%,-7.0,-8.0,11,7,46,5,9,1,99,2,4
125,Joe Chealey,PG,24,CHO,4,33,100%,,,,,-22.6,-15.7,1,0,1,0,1,0,2,0,1
126,Zylan Cheatham,SF,24,NOP,4,51,,,33%,67%,1%,-24.5,-23.5,1,0,5,1,0,0,7,0,0
127,Chris Chiozza,PG,24,TOT,28,401,100%,,,,,10.6,14.0,23,6,10,2,3,7,208,1,7
128,Chris Chiozza,PG,24,WAS,10,123,100%,,,,,18.6,24.0,6,3,2,0,0,0,71,0,4
129,Chris Chiozza,PG,24,BRK,18,278,100%,,,,,7.2,8.5,17,3,8,2,3,7,137,1,3
130,Marquese Chriss,PF,22,GSW,59,1196,,,,3%,97%,-9.0,-0.2,29,17,57,21,68,7,270,12,23
131,,,,,,,,,,,,,,,,,,,,,,
132,Gary Clark,PF,25,TOT,42,567,,,6%,89%,5%,-3.3,-4.7,5,3,29,1,5,3,43,2,1
133,Gary Clark,PF,25,HOU,18,212,,,4%,86%,10%,3.4,0.5,1,1,16,0,3,0,32,1,1
134,Gary Clark,PF,25,ORL,24,355,,,7%,91%,2%,-7.5,-7.2,4,2,13,1,2,3,11,1,0
135,Brandon Clarke,PF,23,MEM,58,1300,,,23%,71%,6%,-0.2,0.8,21,14,55,12,54,6,182,19,20
136,Jordan Clarkson,SG,27,TOT,71,1705,5%,82%,13%,,,-0.2,3.2,38,31,44,11,71,4,341,25,52
137,Jordan Clarkson,SG,27,CLE,29,666,2%,89%,8%,1%,,-6.3,2.2,21,9,12,3,37,1,174,15,22
138,Jordan Clarkson,SG,27,UTA,42,1039,7%,77%,16%,,,3.6,1.9,17,22,32,8,34,3,167,10,30
139,Nicolas Claxton,PF,20,BRK,15,187,,,,29%,71%,-17.5,-17.8,0,4,5,4,9,2,37,3,5
140,Chris Clemons,SG,22,HOU,33,291,82%,18%,,,,-11.0,-15.2,11,2,14,2,2,6,64,0,4
141,Antonius Cleveland,SG,25,DAL,11,46,6%,26%,68%,,,-9.2,-14.3,1,0,6,0,2,0,2,1,2
142,Amir Coffey,SG,22,LAC,18,159,,11%,85%,4%,,2.7,-3.9,5,1,12,1,3,0,37,1,4
143,John Collins,PF,22,ATL,41,1363,,,,53%,47%,-5.6,4.1,22,30,78,17,69,1,144,22,54
144,Zach Collins,PF,22,POR,11,290,,,,79%,21%,7.3,8.9,5,3,23,4,3,2,34,0,6
145,Mike Conley,PG,32,UTA,47,1363,100%,,,,,2.0,-0.4,55,23,35,7,57,30,499,12,15
146,Pat Connaughton,SG,27,MIL,67,1243,7%,57%,35%,2%,,5.1,-7.6,28,17,46,1,17,7,267,6,18
147,Quinn Cook,PG,26,LAL,44,508,92%,8%,,,,5.0,-1.0,16,11,11,1,7,4,119,2,12
148,Tyler Cook,PF,22,TOT,13,54,,,,45%,56%,-17.6,-15.1,0,2,5,0,4,0,2,0,0
149,Tyler Cook,PF,22,CLE,11,35,,,,30%,70%,-21.2,-13.3,0,1,4,0,3,0,2,0,0
150,Tyler Cook,PF,22,DEN,2,19,,,,71%,29%,-11.0,-13.3,0,1,1,0,1,0,0,0,0
151,Robert Covington,PF-C,29,TOT,70,2137,,,8%,68%,25%,0.2,1.1,43,25,111,13,57,18,217,15,23
152,Robert Covington,PF,29,MIN,48,1411,,,11%,88%,,-2.5,3.9,32,17,71,7,42,13,132,11,14
153,Robert Covington,C,29,HOU,22,726,,,,28%,72%,5.2,2.8,11,8,40,6,15,5,85,4,9
154,Allen Crabbe,SG,27,TOT,37,653,7%,54%,37%,2%,,-16.6,-11.5,5,6,29,2,7,2,81,2,7
155,Allen Crabbe,SG,27,ATL,28,522,9%,50%,39%,3%,,-15.4,-8.9,3,3,23,2,6,2,68,2,7
156,Allen Crabbe,SG,27,MIN,9,131,,70%,30%,1%,,-21.1,-17.3,2,3,6,0,1,0,13,0,0
157,Torrey Craig,SF,29,DEN,58,1072,,22%,73%,5%,,-5.7,-11.3,11,4,77,4,15,5,110,6,10
158,Jamal Crawford,SG,39,BRK,1,6,,100%,,,,28.6,29.3,0,0,0,0,0,0,7,0,0
159,Jae Crowder,SF,29,TOT,65,1875,,2%,64%,33%,1%,-2.1,-4.3,40,12,66,10,44,17,373,10,21
160,Jae Crowder,SF,29,MEM,45,1322,,2%,73%,25%,,-3.5,-4.5,31,11,40,6,32,12,285,7,14
161,Jae Crowder,SF,29,MIA,20,553,,1%,42%,54%,3%,1.4,-1.8,9,1,26,4,12,5,88,3,7
162,Jarrett Culver,SG,20,MIN,63,1506,11%,53%,36%,,,-3.4,2.3,32,20,69,15,55,4,266,10,53
163,Seth Curry,SG,29,DAL,64,1576,21%,73%,6%,,,3.8,-2.0,24,19,39,7,28,11,306,10,14
164,,,,,,,,,,,,,,,,,,,,,,
165,Stephen Curry,PG,31,GSW,5,139,100%,,,,,-14.9,-6.4,9,4,3,2,13,1,77,3,4
166,Troy Daniels,SG,28,TOT,47,532,1%,43%,55%,2%,,2.4,-1.7,3,3,19,2,7,1,42,4,4
167,Troy Daniels,SG,28,LAL,41,456,,37%,61%,2%,,3.0,-3.3,2,3,15,1,7,1,35,4,4
168,Troy Daniels,SG,28,DEN,6,76,4%,80%,16%,,,-1.1,-3.4,1,0,4,1,0,0,7,0,0
169,Anthony Davis,PF,26,LAL,62,2131,,,,60%,40%,4.7,-3.0,70,47,99,16,179,16,487,54,41
170,Ed Davis,C,30,UTA,28,303,,,,,100%,-16.5,-20.5,4,1,38,4,4,0,31,2,6
171,Terence Davis,SG,22,TOR,72,1209,7%,61%,33%,,,8.6,3.0,38,18,53,9,26,4,281,11,28
172,Dewayne Dedmon,C,30,TOT,44,774,,,,,100%,-1.9,3.4,22,10,68,17,18,7,51,8,13
173,Dewayne Dedmon,C,30,SAC,34,541,,,,,100%,-3.0,-1.0,16,9,47,14,12,4,35,4,9
174,Dewayne Dedmon,C,30,ATL,10,233,,,,,100%,0.4,9.0,6,1,21,3,6,3,16,4,4
175,Matthew Dellavedova,PG,29,CLE,57,821,84%,14%,2%,,,0.3,11.2,43,12,26,3,11,19,419,3,7
176,DeMar DeRozan,SF,30,SAS,68,2316,,,71%,29%,,-2.5,-4.1,60,62,84,19,216,11,969,51,64
177,Cheick Diallo,C,23,PHO,47,479,,,,18%,82%,-5.7,-7.0,13,6,33,5,17,3,50,3,11
178,Hamidou Diallo,SF,21,OKC,46,896,,19%,71%,10%,,1.0,-1.0,16,16,47,13,34,19,92,10,21
179,Gorgui Dieng,C,30,TOT,63,1096,,,,5%,95%,-3.3,-0.8,17,10,61,10,38,20,177,8,23
180,Gorgui Dieng,C,30,MIN,46,778,,,,3%,98%,-5.3,-0.9,13,7,46,7,24,16,142,4,17
181,Gorgui Dieng,C,30,MEM,17,318,,,,12%,88%,1.6,2.5,4,3,15,3,14,4,35,4,6
182,Spencer Dinwiddie,SG,26,BRK,64,1994,40%,57%,3%,,,0.8,3.2,103,22,64,30,201,14,1033,40,53
183,Donte DiVincenzo,SG,23,MIL,66,1520,33%,64%,3%,,,13.3,5.8,49,22,47,11,32,21,360,4,27
184,Luka Dončić,PG,20,DAL,61,2047,77%,23%,,,,5.4,1.2,153,62,49,34,248,11,1320,80,67
185,Luguentz Dort,SG,20,OKC,36,820,3%,21%,74%,2%,,3.6,2.5,10,4,43,2,26,21,64,9,12
186,Damyean Dotson,SG,25,NYK,48,836,3%,81%,16%,,,-4.6,2.4,13,4,28,1,13,5,144,2,7
187,Sekou Doumbouya,SF,19,DET,38,754,,,15%,86%,,-10.9,-8.9,3,9,29,10,28,3,45,10,27
188,PJ Dozier,PG,23,DEN,29,412,50%,43%,6%,,,-4.9,-8.1,16,4,14,5,13,6,153,2,9
189,Goran Dragić,PG,33,MIA,59,1663,100%,,,,,3.3,0.8,87,24,46,17,77,18,718,14,27
190,Andre Drummond,C,26,TOT,57,1879,,,,,100%,-5.9,0.3,68,53,83,41,142,7,374,31,93
191,Andre Drummond,C,26,DET,49,1654,,,,,100%,-4.4,-0.5,56,47,70,35,122,7,341,24,82
192,Andre Drummond,C,26,CLE,8,225,,,,,100%,-16.6,-9.2,12,6,13,6,20,0,33,7,11
193,,,,,,,,,,,,,,,,,,,,,,
194,Jared Dudley,SF,34,LAL,45,364,,,18%,79%,3%,3.7,-2.3,6,1,19,0,0,5,67,0,2
195,Kris Dunn,PG,25,CHI,51,1269,81%,19%,,,,-0.6,4.6,37,12,65,11,23,8,420,8,20
196,Carsen Edwards,SG,21,BOS,37,351,12%,87%,1%,,,-6.1,-14.0,10,0,18,2,6,4,54,1,7
197,Henry Ellenson,PF,23,BRK,5,15,,,,22%,78%,36.9,37.7,0,0,1,0,0,0,3,0,1
198,Wayne Ellington,SG,32,NYK,36,558,12%,85%,3%,,,-2.1,5.1,7,6,20,3,4,3,106,1,5
199,Joel Embiid,C,25,PHI,51,1506,,,,,100%,5.2,5.0,50,56,80,31,177,9,361,44,42
200,James Ennis,SF,29,TOT,69,1265,,3%,84%,13%,,0.9,0.3,21,17,64,15,46,11,149,8,21
201,James Ennis,SF,29,PHI,49,776,,5%,92%,3%,,1.6,-0.9,12,8,41,8,26,7,95,5,15
202,James Ennis,SF,29,ORL,20,489,,,71%,29%,,-0.2,1.0,9,9,23,7,20,4,54,3,6
203,Drew Eubanks,PF,22,SAS,22,272,,,1%,14%,85%,-11.5,-11.3,9,5,24,5,11,2,38,1,8
204,Jacob Evans,SG,22,TOT,29,418,24%,65%,11%,,,-10.3,-3.8,17,3,27,2,14,6,74,1,11
205,Jacob Evans,SG,22,GSW,27,414,25%,65%,11%,,,-11.3,-2.9,17,3,27,2,14,6,74,1,11
206,Jacob Evans,SG,22,MIN,2,4,,100%,,,,74.7,79.5,0,0,0,0,0,0,0,0,0
207,Dante Exum,SG,24,TOT,35,485,7%,69%,24%,1%,,-9.6,-7.5,18,6,14,3,21,8,93,3,9
208,Dante Exum,SG,24,UTA,11,83,19%,34%,47%,,,-7.8,-10.3,7,0,4,1,1,0,15,0,3
209,Dante Exum,SG,24,CLE,24,402,4%,76%,19%,1%,,-10.0,-2.2,11,6,10,2,20,8,78,3,6
210,Tacko Fall,C,24,BOS,7,33,,,,,100%,14.8,8.4,0,2,6,0,2,0,2,1,1
211,Derrick Favors,C,28,NOP,51,1243,,,,,100%,4.5,9.0,28,4,69,12,39,3,210,14,25
212,Cristiano Felício,PF,27,CHI,22,386,,,,8%,92%,-8.4,-5.7,8,4,14,4,12,0,42,3,7
213,Terrance Ferguson,SF,21,OKC,56,1257,,3%,89%,8%,,-4.4,-9.4,14,6,67,6,9,17,127,2,5
214,Bruno Fernando,C,21,ATL,56,713,,,,11%,89%,-6.4,2.0,20,13,65,6,24,3,119,8,20
215,Yogi Ferrell,PG,26,SAC,50,530,100%,,,,,-2.6,-0.6,14,4,11,3,13,16,170,1,10
216,Dorian Finney-Smith,PF,26,DAL,71,2120,,,47%,52%,2%,7.0,4.9,31,17,81,11,50,9,282,10,32
217,Bryn Forbes,SG,26,SAS,63,1579,26%,74%,1%,,,-7.0,-10.6,22,17,59,7,38,4,246,8,28
218,Evan Fournier,SG,27,ORL,66,2076,,54%,46%,,,-1.9,-2.1,52,40,51,19,89,16,470,25,30
219,De'Aaron Fox,PG,22,SAC,51,1634,98%,2%,,,,-4.2,-4.0,83,53,53,16,169,23,884,35,48
220,,,,,,,,,,,,,,,,,,,,,,
221,Melvin Frazier,SG,23,ORL,19,126,10%,84%,5%,,,-14.4,-13.9,2,2,7,0,1,1,7,0,1
222,Michael Frazier,SG,25,HOU,13,145,4%,46%,47%,4%,,-15.1,-18.8,4,0,11,0,3,1,6,0,3
223,Tim Frazier,PG,29,DET,27,355,100%,,,,,-7.1,-3.3,19,11,16,3,8,11,226,0,3
224,Markelle Fultz,PG,21,ORL,72,1996,87%,13%,,,,-1.5,-1.0,79,43,59,16,69,10,899,19,49
225,Wenyen Gabriel,PF,22,TOT,30,235,,,14%,70%,16%,-6.9,-5.5,2,6,16,4,11,1,18,2,2
226,Wenyen Gabriel,PF,22,SAC,11,61,,,26%,74%,,-22.1,-20.3,0,4,2,1,5,0,6,2,1
227,Wenyen Gabriel,PF,22,POR,19,174,,,9%,69%,22%,-1.2,-0.3,2,2,14,3,6,1,12,0,1
228,Daniel Gafford,C,21,CHI,43,609,,,,2%,98%,-2.3,1.3,9,9,54,8,27,14,50,6,8
229,Danilo Gallinari,PF,31,OKC,62,1834,,,,98%,2%,4.8,6.6,27,22,29,12,111,15,280,20,31
230,Langston Galloway,SG,28,DET,66,1702,31%,66%,3%,,,-4.7,-1.1,26,9,31,3,32,13,240,13,14
231,Darius Garland,PG,20,CLE,59,1824,100%,,,,,-8.9,-2.1,90,32,49,5,32,15,550,5,38
232,Marc Gasol,C,35,TOR,44,1161,,,,8%,92%,10.6,5.9,28,9,61,12,14,9,357,5,7
233,Rudy Gay,PF,33,SAS,67,1461,,,1%,91%,8%,-0.4,1.3,32,36,55,7,60,8,263,11,22
234,Paul George,SF,29,LAC,48,1419,,,53%,47%,,8.3,3.1,70,33,50,18,84,17,448,17,38
235,Taj Gibson,C,34,NYK,62,1025,,,,14%,86%,-12.0,-8.3,7,12,56,19,29,3,131,10,17
236,Harry Giles,PF,21,SAC,46,667,,,,1%,99%,-8.8,-8.2,16,12,68,13,21,4,137,3,16
237,Shai Gilgeous-Alexander,SG,21,OKC,70,2428,6%,78%,17%,,,2.7,3.4,61,40,53,15,148,9,561,35,62
238,Rudy Gobert,C,27,UTA,68,2333,,,,,100%,5.9,10.9,30,36,110,35,181,14,251,34,51
239,Brandon Goodwin,PG,24,ATL,34,430,100%,,,,,-14.9,-7.9,19,6,15,2,13,2,119,3,12
240,Aaron Gordon,PF,24,ORL,62,2017,,,8%,90%,2%,-1.2,-0.4,42,27,55,19,105,7,536,27,42
241,Eric Gordon,SF,31,HOU,36,1016,,17%,69%,14%,,0.3,-3.8,15,16,35,5,50,4,144,15,29
242,Devonte' Graham,PG,24,CHO,63,2211,39%,61%,,,,-4.8,8.0,111,43,28,7,85,20,1093,21,31
243,,,,,,,,,,,,,,,,,,,,,,
244,Treveon Graham,SG,26,TOT,55,929,1%,62%,34%,4%,,-6.3,0.0,7,4,45,5,27,18,109,5,23
245,Treveon Graham,SG,26,MIN,33,663,1%,62%,35%,3%,,-6.8,-2.8,3,3,29,1,18,12,71,3,19
246,Treveon Graham,SG,26,ATL,22,266,2%,61%,32%,5%,,-4.9,3.3,4,1,16,4,9,6,38,2,4
247,Jerami Grant,PF,25,DEN,71,1892,,2%,36%,62%,,-1.5,-7.9,20,14,73,22,99,18,221,32,32
248,Jerian Grant,PG,27,WAS,6,80,32%,68%,,,,-6.3,-1.8,1,1,4,0,3,0,22,1,3
249,Josh Gray,PG,26,NOP,2,23,100%,,,,,-13.0,-11.7,5,0,1,0,0,0,5,0,0
250,Danny Green,SG,32,LAL,68,1687,,2%,86%,12%,,6.4,1.3,32,12,59,9,16,19,209,4,7
251,Draymond Green,PF,29,GSW,43,1222,,,23%,73%,4%,-7.1,2.8,74,10,48,4,33,14,636,9,13
252,JaMychal Green,PF,29,LAC,63,1307,,,1%,92%,7%,5.2,-2.0,18,7,78,15,20,5,123,3,20
253,Javonte Green,SF,26,BOS,48,468,1%,41%,55%,3%,,-1.4,-9.1,11,6,24,1,20,1,59,2,5
254,Jeff Green,PF-C,33,TOT,48,960,,,,49%,51%,-4.4,-8.2,9,12,42,17,42,8,126,5,14
255,Jeff Green,PF,33,UTA,30,553,,,,82%,18%,-9.0,-13.4,5,5,19,14,31,3,45,3,10
256,Jeff Green,C,33,HOU,18,407,,,,4%,96%,1.4,-1.8,4,7,23,3,11,5,81,2,4
257,Blake Griffin,PF,30,DET,18,512,,,,87%,13%,-2.3,2.2,22,9,18,1,45,10,151,12,19
258,Marko Guduric,SG,24,MEM,44,484,,70%,29%,1%,,-2.9,-2.6,16,5,22,2,13,4,106,8,11
259,Kyle Guy,SG,22,SAC,3,10,,100%,,,,-54.3,-52.4,0,0,0,0,0,0,2,0,0
260,Rui Hachimura,PF,21,WAS,48,1444,,,22%,77%,2%,-8.1,-6.1,13,21,42,9,65,7,218,11,53
261,Devon Hall,SG,24,OKC,11,81,94%,4%,2%,,,7.2,5.7,3,1,2,1,1,1,35,0,0
262,Donta Hall,PF,22,TOT,9,133,,,,13%,87%,-12.0,-9.9,2,0,16,3,8,0,9,2,1
263,Donta Hall,PF,22,DET,4,48,,,,35%,65%,-30.0,-26.2,1,0,6,1,3,0,5,0,1
264,Donta Hall,PF,22,BRK,5,85,,,,,100%,-3.2,-2.6,1,0,10,2,5,0,4,2,0
265,Dusty Hannahs,SG,26,MEM,2,13,100%,,,,,13.0,13.7,0,0,0,0,1,0,0,0,0
266,Tim Hardaway Jr.,SG,27,DAL,71,2091,,41%,57%,1%,,5.6,1.7,31,22,50,8,68,25,335,17,45
267,James Harden,SG,30,HOU,68,2483,5%,55%,38%,1%,,5.6,9.1,145,95,80,51,326,12,1226,75,92
268,Maurice Harkless,SF,26,TOT,62,1427,,34%,57%,9%,,2.2,2.2,26,7,97,12,31,2,162,6,13
269,Maurice Harkless,SF,26,LAC,50,1141,,42%,48%,10%,,4.0,-3.6,23,5,76,10,20,1,114,4,11
270,Maurice Harkless,SF,26,NYK,12,286,,,94%,7%,,-5.5,1.0,3,2,21,2,11,1,48,2,2
271,Jared Harper,PG,22,PHO,3,8,100%,,,,,-74.3,-74.9,0,0,0,0,0,0,0,0,0
272,,,,,,,,,,,,,,,,,,,,,,
273,Montrezl Harrell,C,26,LAC,63,1749,,,,,100%,6.0,-0.9,30,39,89,18,184,36,266,72,71
274,Gary Harris,SG,25,DEN,56,1780,3%,84%,13%,,,3.9,3.3,25,17,46,9,43,10,292,12,27
275,Joe Harris,SF,28,BRK,69,2123,,10%,80%,10%,,0.8,3.7,48,28,74,19,32,10,352,7,56
276,Tobias Harris,PF,27,PHI,72,2469,,,23%,74%,3%,2.8,1.5,36,26,87,17,104,3,540,33,60
277,Shaquille Harrison,SF,26,CHI,43,484,,11%,69%,20%,,7.0,12.2,11,3,20,2,23,4,122,3,13
278,Josh Hart,SF,24,NOP,65,1755,,5%,78%,17%,,-2.5,-2.4,36,20,70,9,53,7,268,13,25
279,Isaiah Hartenstein,C,21,HOU,23,266,,,,,100%,7.4,4.8,7,2,22,3,12,2,43,6,2
280,Udonis Haslem,PF,39,MIA,4,44,,,,78%,22%,-19.6,-22.8,0,0,2,0,0,2,2,0,0
281,Jaxson Hayes,C,19,NOP,64,1080,,,,,100%,-2.3,-1.4,19,5,100,24,93,10,143,23,14
282,Gordon Hayward,SF,29,BOS,52,1740,,6%,77%,17%,,8.5,4.1,41,33,34,18,64,3,505,17,39
283,John Henson,PF,29,TOT,40,600,,,,82%,18%,-1.6,4.9,20,6,42,3,15,6,134,4,11
284,John Henson,PF,29,CLE,29,412,,,,83%,17%,-2.1,6.8,11,2,33,2,11,5,107,3,9
285,John Henson,PF,29,DET,11,188,,,,80%,20%,-0.6,3.8,9,4,9,1,4,1,27,1,2
286,Dewan Hernandez,C,23,TOR,6,28,,,,,100%,26.3,19.8,1,1,1,1,2,0,8,1,5
287,Juan Hernangómez,PF,24,TOT,48,833,,,13%,61%,26%,-3.8,-3.1,16,6,28,7,35,11,94,7,15
288,Juan Hernangómez,PF,24,DEN,34,422,,,26%,61%,13%,0.4,-2.0,9,3,16,4,14,6,50,3,6
289,Juan Hernangómez,PF,24,MIN,14,411,,,,60%,40%,-7.9,-3.8,7,3,12,3,21,5,44,4,9
290,Willy Hernangómez,C,25,CHO,31,375,,,,,100%,-4.4,3.1,11,7,18,7,22,2,71,3,9
291,Tyler Herro,SG,20,MIA,55,1508,19%,75%,6%,,,-1.9,-8.4,43,24,36,6,36,5,295,5,23
292,Kevin Hervey,PF,23,OKC,10,52,,,,25%,75%,-32.4,-34.7,0,0,2,0,0,0,10,0,0
293,Mario Hezonja,PF,24,POR,53,871,,,30%,67%,2%,-8.8,-10.5,19,10,49,7,28,7,124,5,18
294,Buddy Hield,SG,27,SAC,72,2216,3%,73%,22%,2%,,-2.8,-2.0,69,67,60,14,46,4,496,9,44
295,George Hill,PG,33,MIL,59,1271,100%,,,,,11.8,2.7,30,14,42,4,29,19,434,4,20
296,Solomon Hill,SF,28,TOT,59,1088,,4%,63%,33%,1%,-2.6,-4.3,32,8,43,7,21,7,250,3,9
297,Solomon Hill,SF,28,MEM,48,901,,4%,66%,30%,,-2.3,-2.1,24,6,38,7,14,7,222,1,6
298,Solomon Hill,SF,28,MIA,11,187,,7%,45%,45%,3%,-4.0,-7.3,8,2,5,0,7,0,28,2,3
299,,,,,,,,,,,,,,,,,,,,,,
300,Jaylen Hoard,SF,20,POR,13,103,,26%,38%,36%,,3.6,4.7,1,1,5,1,7,1,9,3,4
301,Aaron Holiday,PG,23,IND,66,1617,100%,,,,,3.5,2.3,56,13,56,5,36,29,534,9,27
302,Jrue Holiday,SG,29,NOP,61,2117,3%,61%,35%,1%,,0.8,5.4,116,44,56,10,81,25,994,24,59
303,Justin Holiday,SG,30,IND,73,1826,,20%,78%,2%,,1.7,-1.4,22,12,77,4,24,20,222,5,24
304,Rondae Hollis-Jefferson,SF,25,TOR,60,1122,,7%,59%,34%,1%,4.5,-3.1,26,20,45,7,69,17,277,15,27
305,Richaun Holmes,C,26,SAC,44,1242,,,,,100%,1.1,5.0,14,11,74,18,55,2,97,10,15
306,Rodney Hood,SF,27,POR,21,619,,1%,85%,13%,,1.1,2.4,8,4,16,2,15,7,84,3,4
307,Al Horford,C,33,PHI,67,2025,,,,32%,68%,2.8,1.1,47,10,88,13,29,0,637,8,24
308,Talen Horton-Tucker,SG,19,LAL,6,81,,61%,39%,,,-9.6,-15.8,4,1,6,0,2,0,13,0,1
309,Danuel House,SF,26,HOU,63,1913,,1%,63%,36%,1%,3.2,0.5,28,10,68,6,41,21,210,8,19
310,Dwight Howard,C,34,LAL,69,1306,,,,,100%,6.6,1.2,18,17,103,35,92,2,105,23,14
311,William Howard,PF,26,HOU,2,13,,,,100%,,-53.0,-56.1,0,1,1,0,0,0,3,0,0
312,Kevin Huerter,SG,21,ATL,56,1760,6%,63%,27%,3%,,-6.9,2.3,56,16,61,7,26,4,511,6,18
313,De'Andre Hunter,SF,22,ATL,63,2018,,18%,62%,20%,,-6.2,4.7,37,34,81,16,67,18,278,14,54
314,Chandler Hutchison,SF,23,CHI,28,527,,,61%,39%,,-12.6,-11.2,17,3,30,3,39,10,64,9,16
315,Serge Ibaka,C,30,TOR,55,1485,,,,,100%,3.8,-5.0,24,32,69,31,59,0,197,18,22
316,Andre Iguodala,SG,36,MIA,21,418,2%,70%,29%,,,-0.5,-3.9,15,5,21,4,7,4,125,2,1
317,Ersan İlyasova,PF,32,MIL,63,986,,,3%,85%,12%,5.4,-6.4,20,4,51,5,34,17,122,7,13
318,Joe Ingles,SF,32,UTA,72,2137,,51%,47%,2%,,5.1,7.3,88,21,37,25,29,14,884,5,21
319,Brandon Ingram,PF,22,NOP,62,2104,,,38%,62%,1%,-1.4,0.0,74,51,72,35,173,18,631,45,52
320,,,,,,,,,,,,,,,,,,,,,,
321,Kyrie Irving,PG,27,BRK,20,658,100%,,,,,-0.3,0.5,30,16,16,2,37,6,310,7,16
322,Jonathan Isaac,SF,22,ORL,34,980,,,54%,46%,,1.2,3.1,19,15,44,7,37,6,120,10,10
323,Wesley Iwundu,SF,25,ORL,52,953,1%,15%,77%,7%,,1.5,3.5,9,9,33,3,44,1,147,6,16
324,Frank Jackson,PG,21,NOP,59,797,100%,,,,,-3.5,-2.8,16,8,35,12,31,6,152,9,18
325,Jaren Jackson Jr.,C,20,MEM,57,1622,,,,45%,55%,-3.0,-4.3,21,21,116,36,81,13,185,17,64
326,Josh Jackson,SG,22,MEM,22,381,,3%,90%,7%,,4.0,5.3,19,2,21,4,21,8,78,5,11
327,Justin Jackson,PF,24,DAL,65,1045,,1%,41%,56%,2%,1.4,-4.9,8,2,37,2,19,2,130,3,15
328,Reggie Jackson,PG,29,TOT,31,743,92%,8%,,,,7.0,6.1,30,11,22,5,17,6,296,9,17
329,Reggie Jackson,PG,29,DET,14,381,87%,13%,,,,4.8,10.1,16,5,8,0,9,3,165,6,9
330,Reggie Jackson,PG,29,LAC,17,362,98%,2%,,,,9.2,3.0,14,6,14,5,8,3,131,3,8
331,Justin James,SG,23,SAC,36,232,3%,49%,46%,3%,,-2.8,-0.7,4,2,10,0,8,3,42,1,3
332,LeBron James,PG,35,LAL,67,2316,57%,37%,7%,,,9.0,9.9,165,50,33,28,184,19,1602,68,59
333,Amile Jefferson,PF,26,ORL,18,74,,,,92%,8%,8.1,9.3,1,0,3,1,6,0,10,0,1
334,DaQuan Jeffries,SG,22,SAC,13,141,,20%,61%,18%,1%,1.4,3.7,1,1,8,0,3,2,17,0,1
335,Ty Jerome,PG,22,PHO,31,328,35%,34%,25%,5%,,-12.8,-14.5,14,0,12,1,3,4,110,0,9
336,Alize Johnson,SF,23,IND,17,118,,7%,60%,33%,,13.1,11.2,1,3,6,0,4,0,16,2,6
337,B.J. Johnson,SF,24,ORL,10,83,,19%,32%,49%,,-5.1,-4.1,1,4,2,1,3,1,7,0,1
338,Cameron Johnson,PF,23,PHO,57,1255,,,21%,78%,1%,0.0,-0.6,13,8,45,1,22,15,173,9,15
339,James Johnson,PF,32,TOT,32,619,,,2%,79%,19%,-6.0,-5.9,22,11,38,7,26,1,185,6,13
340,James Johnson,PF,32,MIA,18,281,,,2%,95%,3%,2.5,-0.4,4,2,11,4,8,1,53,2,7
341,James Johnson,PF,32,MIN,14,338,,,2%,67%,32%,-12.4,-8.8,18,9,27,3,18,0,132,4,6
342,Keldon Johnson,SF,20,SAS,17,301,,8%,76%,15%,,10.7,13.1,1,6,12,2,20,0,37,4,5
343,Stanley Johnson,PF,23,TOR,25,150,,,3%,93%,5%,5.4,-1.3,6,3,7,2,7,1,51,2,5
344,Tyler Johnson,SG,27,TOT,39,709,41%,55%,4%,,,-5.4,-6.0,16,7,26,2,20,9,184,0,16
345,Tyler Johnson,SG,27,PHO,31,515,37%,58%,5%,,,-7.8,-9.6,12,6,18,2,13,7,123,0,12
346,Tyler Johnson,SG,27,BRK,8,194,52%,47%,1%,,,0.7,1.4,4,1,8,0,7,2,61,0,4
347,,,,,,,,,,,,,,,,,,,,,,
348,Nikola Jokić,C,24,DEN,73,2336,,,,,100%,4.4,6.2,135,54,98,20,107,19,1171,26,32
349,Damian Jones,C,24,ATL,55,887,,,,1%,99%,-14.0,-8.3,4,4,84,10,38,4,82,5,25
350,Derrick Jones Jr.,SF,22,MIA,59,1375,,6%,78%,16%,,1.3,-2.6,7,10,69,3,55,20,155,14,14
351,Tyus Jones,PG,23,MEM,65,1232,100%,,,,,-1.8,-1.7,39,7,19,3,16,8,689,1,25
352,DeAndre Jordan,C,31,BRK,56,1234,,,,,100%,-1.3,-1.0,40,11,58,14,49,6,245,18,19
353,Cory Joseph,PG,28,SAC,72,1759,73%,27%,,,,0.2,4.7,53,20,73,3,27,41,614,6,13
354,Mfiondu Kabengele,C,22,LAC,12,64,,,,15%,86%,0.9,-5.7,1,1,8,0,2,0,5,1,4
355,Frank Kaminsky,C,26,PHO,39,777,,,,,100%,-0.7,-1.4,12,9,42,5,41,7,182,9,19
356,Enes Kanter,C,27,BOS,58,983,,,,,100%,9.6,4.3,15,11,60,14,44,1,133,12,36
357,Luke Kennard,SG,23,DET,28,922,,53%,47%,,,-2.8,1.8,21,12,26,6,22,4,272,3,13
358,Stanton Kidd,SF,27,UTA,4,15,,48%,52%,,,-0.2,-2.5,0,0,3,0,0,0,2,0,2
359,Michael Kidd-Gilchrist,SF-PF,26,TOT,25,281,,,29%,70%,1%,4.8,5.6,5,4,17,1,6,1,37,2,5
360,Michael Kidd-Gilchrist,PF,26,CHO,12,160,,,30%,68%,2%,10.2,18.2,1,2,6,0,3,1,26,1,4
361,Michael Kidd-Gilchrist,SF,26,DAL,13,121,,,28%,72%,,-1.9,-7.0,4,2,11,1,3,0,11,1,1
362,Louis King,SF,20,DET,10,62,,3%,95%,1%,,11.3,15.8,1,0,4,1,2,0,12,1,1
363,Maxi Kleber,C,28,DAL,74,1890,,,,30%,70%,3.4,-3.1,17,15,103,15,42,12,215,14,14
364,Brandon Knight,PG,28,TOT,25,462,75%,25%,,,,-8.9,-3.1,20,11,13,4,5,4,175,1,8
365,Brandon Knight,PG,28,CLE,16,241,56%,44%,,,,-11.2,-3.4,6,5,7,2,2,1,80,1,3
366,Brandon Knight,PG,28,DET,9,221,95%,5%,,,,-6.3,-2.3,14,6,6,2,3,3,95,0,5
367,Kevin Knox,SF,20,NYK,65,1166,,3%,77%,19%,,-8.0,-2.6,15,14,56,10,47,2,145,5,21
368,John Konchar,SG,23,MEM,19,181,14%,75%,12%,,,7.3,8.5,5,1,7,0,2,0,54,2,2
369,Furkan Korkmaz,SG,22,PHI,72,1559,,31%,65%,4%,,2.0,-0.6,26,11,46,5,39,13,187,7,8
370,Luke Kornet,C,24,CHI,36,559,,,,,100%,-5.0,-2.0,6,2,35,4,13,3,75,2,6
371,Kyle Korver,SF,38,MIL,58,960,,19%,66%,16%,,5.6,-6.1,26,7,41,7,9,8,155,2,5
372,,,,,,,,,,,,,,,,,,,,,,
373,Rodions Kurucs,PF,21,BRK,47,684,,,,82%,18%,-2.0,-1.7,19,13,37,6,12,7,131,2,14
374,Kyle Kuzma,PF,24,LAL,61,1526,,,9%,88%,4%,5.7,-0.2,36,21,73,17,77,10,194,18,22
375,Skal Labissière,C,23,POR,33,567,,,,8%,92%,1.7,3.1,8,7,45,10,13,3,102,1,7
376,Jeremy Lamb,SG,27,IND,46,1291,,95%,5%,,,-0.3,-4.0,27,11,44,8,51,20,223,9,16
377,Romeo Langford,SG,20,BOS,32,370,7%,65%,28%,,,10.6,4.6,4,5,19,1,9,10,32,0,11
378,Zach LaVine,SG,24,CHI,60,2085,,31%,67%,2%,,-5.0,-5.0,96,59,63,20,143,7,609,33,86
379,Vic Law,SF,24,ORL,8,62,,,66%,34%,,-7.0,-6.1,1,0,4,1,1,1,8,0,1
380,Jake Layman,PF,25,MIN,23,505,,,9%,91%,,1.5,7.3,10,3,21,4,17,4,34,6,4
381,T.J. Leaf,PF,22,IND,28,222,,,,57%,43%,1.5,-0.9,2,5,12,0,6,2,23,2,7
382,Jalen Lecque,PG,19,PHO,5,32,,100%,,,,-25.2,-25.9,0,0,1,1,1,2,4,0,0
383,Courtney Lee,SG,34,DAL,24,345,,17%,77%,6%,,7.5,2.9,6,2,14,0,3,0,32,1,0
384,Damion Lee,SG,27,GSW,49,1423,11%,70%,18%,,,-4.2,8.6,38,10,46,7,44,21,316,10,21
385,Alex Len,C,26,TOT,55,970,,,,,100%,-5.9,-1.1,12,16,76,17,51,1,125,9,21
386,Alex Len,C,26,ATL,40,745,,,,,100%,-8.8,-1.1,9,13,57,11,39,1,103,7,18
387,Alex Len,C,26,SAC,15,225,,,,,100%,3.7,6.3,3,3,19,6,12,0,22,2,3
388,Kawhi Leonard,SF,28,LAC,57,1848,,23%,60%,17%,,12.0,11.5,59,42,37,24,167,7,684,45,40
389,Meyers Leonard,C,27,MIA,51,1034,,,,,100%,4.4,2.1,17,6,67,9,15,7,135,8,10
390,Caris LeVert,SG,25,BRK,45,1330,4%,73%,22%,,,0.1,1.2,58,33,35,8,90,12,480,27,41
391,Damian Lillard,PG,29,POR,66,2474,100%,,,,,1.7,8.7,134,38,51,9,166,23,1266,41,85
392,Nassir Little,PF,19,POR,48,573,,5%,27%,67%,1%,-3.1,-2.5,8,2,47,3,20,2,55,6,12
393,Kevon Looney,C,23,GSW,20,262,,,,12%,88%,-18.2,-10.3,4,1,15,5,9,0,47,6,6
394,Brook Lopez,C,31,MIL,68,1817,,,,,100%,12.4,4.9,24,7,106,21,77,3,249,17,22
395,,,,,,,,,,,,,,,,,,,,,,
396,Robin Lopez,C,31,MIL,66,958,,,,,100%,2.7,-10.0,10,12,55,25,23,5,114,7,9
397,Kevin Love,PF,31,CLE,56,1780,,,4%,92%,4%,-8.8,-1.8,88,28,53,7,81,14,415,10,29
398,Kyle Lowry,PG,33,TOR,58,2098,100%,,,,,6.5,-0.5,112,32,81,17,119,52,997,21,46
399,Timothé Luwawu-Cabarrot,SG,24,BRK,47,853,1%,38%,56%,5%,,-1.7,-1.4,16,13,43,7,34,7,67,5,24
400,Trey Lyles,PF,24,SAS,63,1271,,,,84%,16%,-2.0,-1.3,27,6,60,3,22,3,158,6,17
401,Daryl Macon,SG,24,MIA,4,14,76%,24%,,,,5.6,2.7,0,1,0,0,0,0,2,0,0
402,J.P. Macura,SG,24,CLE,1,1,,100%,,,,300.0,308.1,0,0,0,0,0,0,0,0,0
403,Josh Magette,PG,30,ORL,8,38,100%,,,,,-1.1,-0.1,5,0,0,0,0,1,12,0,0
404,Ian Mahinmi,C,33,WAS,38,808,,,,,100%,-4.7,-0.2,11,13,60,11,53,9,113,15,21
405,Thon Maker,C,22,DET,60,776,,,,11%,89%,-9.3,-6.8,22,10,64,8,47,3,107,10,13
406,Terance Mann,SG,23,LAC,41,362,4%,42%,53%,1%,,1.3,-5.8,12,2,18,3,14,2,135,3,7
407,Boban Marjanović,C,31,DAL,44,422,,,,,100%,6.0,1.3,10,9,23,8,29,1,44,9,15
408,Lauri Markkanen,PF,22,CHI,50,1492,,,,78%,22%,-3.0,0.7,36,26,56,11,67,8,181,10,39
409,Caleb Martin,SF,24,CHO,18,317,5%,73%,23%,,,-0.2,7.7,9,2,15,1,10,8,56,1,3
410,Cody Martin,SF,24,CHO,48,903,1%,26%,71%,3%,,-2.8,6.1,21,13,33,5,32,31,231,9,10
411,Jeremiah Martin,PG,23,BRK,9,99,70%,30%,,,,-7.5,-7.1,2,2,4,0,6,6,45,0,4
412,Kelan Martin,SF,24,MIN,31,495,,12%,66%,22%,,-2.3,2.7,3,5,32,2,14,2,59,4,3
413,Frank Mason III,PG,25,MIL,9,118,100%,,,,,1.2,-9.1,4,5,5,1,8,0,73,1,5
414,Garrison Mathews,SG,23,WAS,18,227,6%,43%,48%,3%,,7.5,12.9,4,0,14,2,13,8,27,2,4
415,Wesley Matthews,SG,33,MIL,67,1635,3%,75%,22%,,,13.1,5.8,20,16,36,3,27,28,222,4,19
416,,,,,,,,,,,,,,,,,,,,,,
417,Luc Mbah a Moute,PF,33,HOU,3,25,,,,100%,,-11.7,-14.8,1,0,0,0,1,0,0,0,0
418,Patrick McCaw,SF,24,TOR,37,908,,24%,70%,6%,,0.9,-7.8,11,11,32,2,10,1,194,2,8
419,CJ McCollum,SG,28,POR,70,2556,12%,81%,6%,,,0.5,4.8,61,38,85,16,80,6,742,19,59
420,T.J. McConnell,PG,27,IND,71,1326,61%,39%,,,,2.6,0.5,47,30,32,4,20,20,850,8,23
421,Jalen McDaniels,PF,22,CHO,16,293,,,,81%,19%,-4.2,3.2,9,1,20,1,9,6,32,3,3
422,Doug McDermott,PF,28,IND,69,1372,,,12%,84%,5%,3.8,2.5,18,7,63,9,28,7,169,12,37
423,JaVale McGee,C,32,LAL,68,1130,,,,,100%,5.7,-0.1,19,11,74,13,42,1,83,12,19
424,Rodney McGruder,SG,28,LAC,56,871,10%,42%,47%,1%,,1.4,-6.8,14,5,36,1,16,11,92,4,17
425,Alfonzo McKinnie,SF,27,CLE,40,593,,7%,65%,29%,,-6.6,1.7,7,5,29,6,13,4,36,2,14
426,Jordan McLaughlin,PG,23,MIN,30,590,99%,1%,,,,-7.1,-3.1,20,7,17,2,16,5,306,7,16
427,Ben McLemore,SG,26,HOU,71,1619,47%,52%,1%,,,5.3,4.4,22,10,79,9,26,8,155,3,21
428,Jordan McRae,SG,28,TOT,37,784,2%,56%,41%,1%,,-4.3,-2.4,19,16,34,3,42,7,223,9,23
429,Jordan McRae,SG,28,WAS,29,654,2%,56%,42%,,,-3.3,1.6,16,14,30,3,31,7,194,7,20
430,Jordan McRae,SG,28,DEN,4,32,,24%,62%,15%,,19.5,17.4,0,0,1,0,2,0,11,0,0
431,Jordan McRae,SG,28,DET,4,98,4%,70%,26%,,,-19.8,-16.1,3,2,3,0,9,0,18,2,3
432,Nicolò Melli,C,29,NOP,60,1042,,,,43%,57%,-4.6,-4.6,18,12,72,5,23,12,207,6,7
433,De'Anthony Melton,PG,21,MEM,60,1167,20%,79%,1%,,,5.4,9.2,47,21,51,2,36,14,403,8,24
434,Chimezie Metu,PF,22,SAS,18,105,,,19%,49%,32%,-6.6,-5.6,2,4,2,3,5,0,24,1,2
435,Khris Middleton,SF,28,MIL,62,1853,,1%,79%,20%,1%,11.6,3.4,68,37,51,23,86,12,609,19,39
436,Eric Mika,PF,25,SAC,1,19,,,,32%,68%,17.3,19.5,0,0,2,0,1,0,0,0,0
437,C.J. Miles,SG,32,WAS,10,161,,,99%,1%,,-4.2,0.4,2,1,8,0,8,4,26,1,2
438,Malcolm Miller,SF,26,TOR,28,162,,36%,31%,34%,,19.7,13.7,1,2,6,1,3,1,31,0,2
439,Patty Mills,PG,31,SAS,66,1485,100%,,,,,3.9,9.0,30,10,28,8,37,31,265,9,18
440,,,,,,,,,,,,,,,,,,,,,,
441,Paul Millsap,PF,34,DEN,51,1240,,,11%,85%,4%,8.8,10.1,19,24,78,19,66,5,197,16,35
442,Shake Milton,SG,23,PHI,40,805,11%,61%,26%,1%,,-0.1,-3.2,27,9,51,7,33,6,254,4,14
443,Donovan Mitchell,SG,23,UTA,69,2364,47%,53%,,,,2.0,-0.9,83,66,69,17,126,21,739,28,48
444,Naz Mitrou-Long,SG,26,IND,5,47,68%,32%,,,,25.0,23.0,3,0,0,0,0,1,18,0,0
445,Adam Mokoka,SG,21,CHI,11,112,,27%,71%,2%,,23.4,27.7,2,0,4,0,3,0,10,2,4
446,Malik Monk,SG,21,CHO,55,1169,4%,85%,12%,,,-10.5,-5.4,52,12,38,8,49,7,269,12,29
447,Matt Mooney,SG,22,CLE,4,19,,84%,16%,,,16.7,24.8,0,0,1,0,0,0,2,0,0
448,E'Twaun Moore,SG,30,NOP,56,1020,37%,53%,10%,,,-2.3,-1.3,18,6,34,5,18,4,196,6,19
449,Ja Morant,PG,20,MEM,67,2074,96%,4%,,,,-0.2,1.3,121,58,53,9,140,9,1161,26,92
450,Juwan Morgan,PF,22,UTA,21,134,,,,54%,46%,10.7,8.7,3,2,14,0,2,0,14,0,0
451,Marcus Morris,SF-PF,30,TOT,62,1936,,,61%,38%,,1.1,1.0,39,25,84,20,84,8,202,26,24
452,Marcus Morris,SF,30,NYK,43,1387,,,85%,15%,,-4.3,3.6,31,17,60,16,73,6,135,23,20
453,Marcus Morris,PF,30,LAC,19,549,,,3%,96%,1%,14.7,9.7,8,8,24,4,11,2,67,3,4
454,Markieff Morris,PF,30,TOT,58,1187,,,,96%,4%,-5.7,-8.3,32,15,71,16,32,4,183,6,15
455,Markieff Morris,PF,30,DET,44,988,,,,99%,1%,-5.3,-1.6,28,13,55,16,29,3,166,6,13
456,Markieff Morris,PF,30,LAL,14,199,,,,81%,19%,-8.0,-14.7,4,2,16,0,3,1,17,0,2
457,Monte Morris,PG,24,DEN,73,1636,100%,,,,,1.1,-2.0,34,11,30,4,39,10,610,13,28
458,Johnathan Motley,PF,24,LAC,13,41,,,7%,75%,18%,6.4,-0.1,2,1,3,0,3,0,21,1,1
459,Emmanuel Mudiay,PG,23,UTA,54,850,95%,5%,,,,-2.6,-6.5,34,18,28,12,38,3,299,5,23
460,Mychal Mulder,SG,25,GSW,7,204,87%,9%,3%,,,4.8,14.5,3,1,10,1,3,0,18,1,0
461,Dejounte Murray,PG,23,SAS,66,1687,80%,20%,,,,-4.4,-6.4,59,45,58,13,55,11,639,15,37
462,Jamal Murray,PG,22,DEN,59,1904,84%,16%,,,,5.5,7.0,69,33,49,12,58,22,665,14,27
463,Džanan Musa,SF,20,BRK,40,487,,3%,27%,70%,1%,-3.0,-2.8,18,11,7,3,18,8,109,4,14
464,Mike Muscala,C,28,OKC,47,572,,,,7%,93%,-1.8,-4.2,4,4,39,7,7,7,96,2,7
465,,,,,,,,,,,,,,,,,,,,,,
466,Sviatoslav Mykhailiuk,SF,22,DET,56,1265,,5%,84%,11%,,-1.1,5.1,38,10,35,4,27,10,260,3,24
467,Abdel Nader,SF,26,OKC,55,867,,1%,59%,39%,,-5.2,-9.2,16,8,39,7,33,2,92,10,10
468,Larry Nance Jr.,C,27,CLE,56,1472,,,,45%,55%,-5.2,5.3,34,10,40,8,24,10,312,4,15
469,Shabazz Napier,PG,28,TOT,56,1344,98%,2%,,,,-3.7,1.1,81,34,32,4,57,19,651,7,15
470,Shabazz Napier,PG,28,MIN,36,856,100%,,,,,-3.9,1.0,48,20,18,2,32,13,466,4,11
471,Shabazz Napier,PG,28,WAS,20,488,95%,5%,,,,-3.5,1.2,33,14,14,2,25,6,185,3,4
472,Raul Neto,PG,27,PHI,54,668,93%,7%,,,,2.1,-0.3,29,13,30,2,16,23,228,4,13
473,Malik Newman,SG,22,CLE,1,4,59%,41%,,,,-42.9,-34.9,1,0,0,0,0,0,0,0,0
474,Georges Niang,PF,26,UTA,66,923,,,18%,81%,1%,-2.7,-6.7,14,5,36,4,10,5,109,0,9
475,Joakim Noah,C,34,LAC,5,50,,,,,100%,-11.5,-18.3,4,1,4,1,3,1,16,0,0
476,Nerlens Noel,C,25,OKC,61,1127,,,,1%,99%,0.2,-2.2,28,13,85,13,41,15,134,10,9
477,Zach Norvell,SG,22,TOT,5,41,,66%,22%,12%,,-32.7,-31.7,3,0,1,0,0,1,7,0,0
478,Zach Norvell,SG,22,LAL,2,5,,,,100%,,-18.2,-24.0,0,0,0,0,0,0,0,0,0
479,Zach Norvell,SG,22,GSW,3,36,,75%,25%,,,-35.1,-26.6,3,0,1,0,0,1,7,0,0
480,Jaylen Nowell,SG,20,MIN,15,151,26%,74%,,,,0.2,5.1,2,0,9,0,8,2,44,1,1
481,Frank Ntilikina,PG,21,NYK,57,1187,92%,8%,,,,-3.3,4.8,41,11,50,7,19,21,408,3,14
482,Kendrick Nunn,SG,24,MIA,67,1962,75%,25%,,,,1.5,-3.3,57,32,82,12,36,14,521,6,58
483,Jusuf Nurkić,C,25,POR,8,253,,,,,100%,-1.2,-0.3,10,2,25,6,14,6,75,7,2
484,David Nwaba,SF,27,BRK,20,268,,22%,53%,26%,,7.0,8.3,4,0,16,1,13,3,19,1,6
485,Royce O'Neale,PF,26,UTA,71,2049,,,15%,85%,,5.8,8.5,21,17,89,9,16,19,454,4,11
486,Kyle O'Quinn,C,29,PHI,29,313,,,,10%,90%,-5.3,-8.4,13,1,21,4,8,2,118,4,2
487,Semi Ojeleye,PF,25,BOS,69,1011,,,41%,49%,10%,-0.3,-9.5,9,4,38,4,16,18,85,7,11
488,Jahlil Okafor,C,24,NOP,30,467,,,,,100%,-10.6,-10.6,6,8,36,16,29,0,89,8,15
489,Elie Okobo,PG,22,PHO,55,719,59%,37%,4%,,,-4.6,-6.3,23,8,30,3,27,3,273,6,6
490,,,,,,,,,,,,,,,,,,,,,,
491,Josh Okogie,SG,21,MIN,62,1547,16%,60%,24%,,,-4.9,-0.6,35,30,57,12,84,19,245,14,35
492,KZ Okpala,SF,20,MIA,5,26,,,13%,80%,7%,-31.9,-35.1,1,0,0,0,2,0,3,2,0
493,Victor Oladipo,SG,27,IND,19,528,,62%,38%,,,0.0,-2.7,23,21,14,3,23,17,124,4,10
494,Kelly Olynyk,C,28,MIA,67,1300,,,,,100%,1.4,-2.5,24,13,80,20,29,16,288,4,14
495,Miye Oni,SG,22,UTA,10,109,10%,58%,32%,,,-8.4,-11.1,4,0,3,0,3,3,10,1,2
496,Cedi Osman,SF,24,CLE,65,1910,,2%,85%,14%,,-9.0,-2.4,40,21,73,12,46,27,379,14,36
497,Kelly Oubre Jr.,SF,24,PHO,56,1933,,2%,61%,37%,,-0.1,-1.1,37,23,75,13,120,22,198,30,75
498,Tariq Owens,PF,24,PHO,3,15,,,,69%,31%,-58.8,-59.4,0,0,0,0,0,0,0,0,0
499,Jeremy Pargo,PG,33,GSW,3,44,100%,,,,,0.0,8.9,3,0,4,1,1,0,19,1,0
500,Jabari Parker,PF,24,TOT,38,917,,,,86%,14%,-4.9,0.1,21,21,50,8,39,8,160,10,37
501,Jabari Parker,PF,24,ATL,32,837,,,,89%,11%,-7.5,0.6,19,20,46,7,34,6,137,9,32
502,Jabari Parker,PF,24,SAC,6,80,,,,53%,47%,20.3,23.0,2,1,4,1,5,2,23,1,5
503,Chandler Parsons,SF,31,ATL,5,54,,,10%,89%,1%,-34.4,-26.9,2,0,0,0,0,0,8,0,0
504,Eric Paschall,PF,23,GSW,60,1654,,,13%,72%,15%,-11.0,-4.5,33,31,54,21,113,6,307,31,54
505,Anžejs Pasečņiks,C,24,WAS,27,437,,,,,100%,-0.6,4.5,7,5,35,10,14,11,42,5,3
506,Patrick Patterson,PF,30,LAC,59,776,,,,75%,25%,3.3,-4.1,9,2,24,9,14,8,99,3,5
507,Justin Patton,C,22,OKC,5,24,,,,,100%,-31.5,-33.4,0,1,2,1,0,0,4,0,0
508,Chris Paul,PG,34,OKC,70,2208,55%,45%,,,,5.8,11.4,104,37,42,10,38,10,1132,17,9
509,Cameron Payne,PG,25,PHO,8,183,33%,49%,18%,,,23.4,24.3,5,2,12,2,2,4,60,0,3
510,Elfrid Payton,PG,25,NYK,45,1246,100%,,,,,-3.7,4.4,64,20,38,3,45,7,737,11,45
511,Gary Payton II,PG,27,WAS,29,432,14%,86%,1%,,,-15.2,-12.1,9,4,22,1,4,1,116,2,7
512,Norvel Pelle,C,26,PHI,24,232,,,,,100%,-17.5,-21.2,3,4,34,10,5,0,19,0,5
513,,,,,,,,,,,,,,,,,,,,,,
514,Theo Pinson,SG,24,BRK,33,365,39%,57%,4%,,,-4.3,-4.1,19,8,20,3,10,5,141,4,15
515,Mason Plumlee,C,29,DEN,61,1057,,,,8%,92%,-0.7,-4.1,43,9,61,15,69,9,366,16,22
516,Jakob Poeltl,C,24,SAS,66,1171,,,,,100%,5.1,9.6,27,8,83,14,40,16,279,14,24
517,Vincent Poirier,C,26,BOS,22,130,,,,1%,99%,-5.2,-12.2,3,1,15,3,2,1,21,0,3
518,Shamorie Ponds,PG,21,TOR,4,11,100%,,,,,6.7,0.0,0,0,2,0,1,0,6,0,0
519,Jordan Poole,SG,20,GSW,57,1274,35%,63%,2%,1%,,-8.5,0.6,31,23,36,5,43,18,316,11,32
520,Kevin Porter Jr.,SF,19,CLE,50,1162,,24%,76%,,,-11.6,-5.6,51,25,61,11,50,7,246,13,32
521,Michael Porter Jr.,PF,21,DEN,55,903,,,3%,87%,10%,0.4,-2.4,18,10,54,9,34,3,101,10,27
522,Otto Porter,SF,26,CHI,14,331,,,90%,10%,,3.2,7.3,8,2,18,0,14,2,58,6,5
523,Bobby Portis,C,24,NYK,66,1393,,,,43%,57%,-6.9,-0.9,14,19,51,20,44,4,237,13,28
524,Kristaps Porziņģis,PF,24,DAL,57,1814,,,,66%,34%,6.3,3.0,36,24,106,22,122,2,256,29,33
525,Dwight Powell,C,28,DAL,40,1061,,,,,100%,8.4,4.9,12,6,53,10,51,12,144,13,13
526,Norman Powell,SG,26,TOR,52,1479,13%,74%,13%,,,5.3,-2.3,28,24,38,10,63,5,218,15,34
527,Chasson Randle,PG,26,GSW,3,40,81%,19%,,,,-4.8,4.1,0,0,1,0,3,0,13,0,1
528,Julius Randle,PF,25,NYK,64,2080,,,,95%,5%,-5.2,3.2,65,65,73,38,163,7,502,42,65
529,Josh Reaves,SG,22,DAL,4,28,,11%,79%,10%,,7.1,2.3,0,0,3,0,1,0,7,0,0
530,Cam Reddish,SF,20,ATL,58,1551,,,40%,59%,1%,-6.9,2.0,33,33,72,7,56,16,212,10,54
531,J.J. Redick,SG,35,NOP,60,1581,30%,61%,8%,1%,,-1.3,0.1,36,17,49,4,51,22,288,10,15
532,Naz Reid,C,20,MIN,30,495,,,,3%,97%,-0.5,4.9,6,7,54,4,30,4,87,8,16
533,Josh Richardson,SG,26,PHI,55,1693,25%,73%,2%,,,3.1,1.4,51,19,60,16,42,16,388,9,37
534,,,,,,,,,,,,,,,,,,,,,,
535,Austin Rivers,SG,27,HOU,68,1594,18%,59%,22%,1%,,2.6,-0.7,22,15,71,6,51,18,292,15,27
536,Andre Roberson,SG,28,OKC,7,87,4%,40%,56%,1%,,1.4,-0.3,0,1,7,0,0,2,10,0,2
537,Duncan Robinson,SG,25,MIA,73,2166,2%,65%,33%,,,7.5,11.7,24,10,103,12,23,17,236,7,9
538,Glenn Robinson III,SF,26,TOT,62,1786,,13%,74%,13%,,-7.7,-6.5,25,20,60,5,39,3,235,7,41
539,Glenn Robinson III,SF,26,GSW,48,1516,,15%,75%,11%,,-8.9,-0.2,25,18,46,3,32,2,206,5,35
540,Glenn Robinson III,SF,26,PHI,14,270,,3%,72%,25%,,-0.6,-3.2,0,2,14,2,7,1,29,2,6
541,Jerome Robinson,SG,22,TOT,63,979,14%,74%,12%,,,-1.0,-2.2,30,10,60,3,22,10,203,4,14
542,Jerome Robinson,SG,22,LAC,42,476,14%,69%,16%,1%,,4.4,-2.4,17,4,26,2,6,6,105,1,7
543,Jerome Robinson,SG,22,WAS,21,503,14%,79%,7%,,,-6.1,-1.8,13,6,34,1,16,4,98,3,7
544,Justin Robinson,PG,22,WAS,9,49,69%,31%,,,,28.1,33.1,2,1,1,0,0,1,17,0,0
545,Mitchell Robinson,C,21,NYK,61,1412,,,,,100%,-3.1,5.9,5,11,121,14,74,4,82,18,20
546,Isaiah Roby,SF,21,OKC,3,11,,,,100%,,-8.0,-9.7,1,0,0,0,0,0,0,0,0
547,Rajon Rondo,PG,33,LAL,48,984,100%,,,,,1.9,-5.5,67,7,16,6,13,11,566,1,15
548,Derrick Rose,PG,31,DET,50,1298,98%,2%,,,,-3.6,0.9,71,45,27,4,73,8,700,22,56
549,Terrence Ross,SG,28,ORL,69,1889,2%,70%,29%,,,-2.8,-4.0,34,15,49,14,68,0,198,22,41
550,Terry Rozier,PG,25,CHO,63,2164,100%,,,,,-10.1,-9.5,79,23,49,20,64,20,627,20,46
551,Ricky Rubio,PG,29,PHO,65,2016,87%,13%,,,,3.1,6.3,123,25,54,5,91,49,1300,16,43
552,D'Angelo Russell,PG,23,TOT,45,1452,87%,13%,,,,-8.5,-2.4,100,40,37,4,75,7,646,10,18
553,D'Angelo Russell,PG,23,GSW,33,1060,87%,13%,,,,-10.6,-2.7,71,26,24,2,61,5,455,7,14
554,D'Angelo Russell,PG,23,MIN,12,392,89%,11%,,,,-3.2,1.6,29,14,13,2,14,2,191,3,4
555,Domantas Sabonis,PF,23,IND,62,2159,,,,53%,47%,3.4,2.9,61,45,80,44,131,2,731,32,56
556,Luka Šamanić,PF,20,SAS,3,48,,,,30%,70%,6.1,7.3,0,1,0,1,2,1,14,0,2
557,JaKarr Sampson,SF,26,IND,34,471,,,59%,34%,7%,1.3,-1.2,5,3,29,5,14,4,48,5,5
558,Dario Šarić,PF,25,PHO,66,1632,,,,84%,16%,-1.3,-3.4,40,15,88,14,58,8,286,17,42
559,Tomáš Satoranský,PG,28,CHI,65,1878,53%,47%,,,,-2.5,2.0,88,25,60,6,51,21,852,15,31
560,Admiral Schofield,SF,22,WAS,33,368,,,28%,65%,7%,-7.6,-3.4,2,3,25,1,5,4,33,0,4
561,,,,,,,,,,,,,,,,,,,,,,
562,Dennis Schröder,PG,26,OKC,65,1999,100%,,,,,5.0,7.8,93,42,46,16,90,24,602,20,55
563,Mike Scott,PF,31,PHI,68,1207,,,29%,68%,3%,6.5,6.3,15,6,48,5,12,3,131,2,8
564,Thabo Sefolosha,PF,35,HOU,41,436,,,5%,79%,16%,3.3,0.4,8,0,21,1,3,2,66,2,5
565,Collin Sexton,SG,21,CLE,65,2143,22%,77%,1%,,,-9.1,-3.3,63,63,48,14,106,22,465,28,120
566,Landry Shamet,SG,22,LAC,53,1452,17%,67%,16%,,,4.5,-3.3,22,10,63,3,28,11,239,4,14
567,Marial Shayok,SG,24,PHI,4,28,,89%,10%,1%,,-19.3,-21.9,2,0,1,0,1,1,2,0,1
568,Iman Shumpert,SG,29,BRK,13,241,,33%,67%,,,-8.9,-8.9,7,1,8,1,2,5,31,1,1
569,Pascal Siakam,PF,25,TOR,60,2110,,,3%,78%,19%,9.1,6.2,58,37,59,30,141,2,533,38,60
570,Chris Silva,PF,23,MIA,44,346,,,4%,65%,31%,-5.4,-9.2,10,8,49,12,22,7,61,1,13
571,Ben Simmons,PG,23,PHI,57,2017,92%,8%,,,,1.2,-2.6,115,25,55,38,124,25,1136,24,32
572,Anfernee Simons,SG,20,POR,70,1449,52%,48%,,,,-8.0,-11.9,30,16,61,7,41,6,242,10,38
573,Alen Smailagić,PF,19,GSW,14,139,,,,15%,85%,-5.6,3.4,5,3,5,1,10,2,33,3,2
574,Marcus Smart,SG,25,BOS,60,1919,23%,73%,4%,,,7.1,1.3,68,14,74,6,53,30,678,11,19
575,Dennis Smith Jr.,PG,22,NYK,34,537,100%,,,,,-16.8,-12.5,34,13,32,4,23,6,239,5,11
576,Ish Smith,PG,31,WAS,68,1787,96%,5%,,,,-3.5,2.2,62,20,71,3,33,12,828,10,27
577,J.R. Smith,SG,34,LAL,6,79,,,98%,2%,,-16.4,-22.7,3,0,2,1,1,0,8,0,0
578,Zhaire Smith,SG,20,PHI,7,32,,44%,57%,,,-13.1,-15.6,1,0,4,0,1,0,6,0,1
579,Tony Snell,SF,28,DET,59,1641,,25%,69%,6%,,-6.4,-4.5,19,8,50,4,8,6,301,2,9
580,Omari Spellman,PF,22,GSW,49,886,,,,59%,41%,-9.4,-0.9,31,9,33,6,43,2,107,12,17
581,Max Strus,SG,23,CHI,2,6,,100%,,,,93.3,96.9,0,0,0,0,0,0,0,1,0
582,,,,,,,,,,,,,,,,,,,,,,
583,Edmond Sumner,PG,24,IND,31,447,21%,79%,1%,,,-1.9,-4.9,9,7,17,1,15,5,131,2,12
584,Caleb Swanigan,PF,22,TOT,27,288,,,,10%,90%,-6.3,-5.0,20,5,26,8,3,4,76,1,2
585,Caleb Swanigan,PF,22,SAC,7,23,,,,29%,72%,-31.0,-29.1,5,0,4,1,0,0,6,0,0
586,Caleb Swanigan,PF,22,POR,20,265,,,,8%,92%,-3.9,-3.2,15,5,22,7,3,4,70,1,2
587,Jayson Tatum,PF,21,BOS,66,2265,,,,90%,10%,10.4,11.1,55,52,47,27,136,6,487,24,62
588,Jeff Teague,PG,31,TOT,59,1464,72%,28%,,,,-6.8,-0.7,65,31,54,10,83,11,755,18,38
589,Jeff Teague,PG,31,MIN,34,945,90%,10%,,,,-4.2,0.6,43,22,34,4,58,7,515,10,26
590,Jeff Teague,PG,31,ATL,25,519,39%,60%,1%,,,-11.7,-4.4,22,9,20,6,25,4,240,8,12
591,Garrett Temple,SG,33,BRK,62,1730,81%,18%,1%,,,-1.6,-1.9,35,15,53,7,30,11,371,10,26
592,Daniel Theis,C,27,BOS,65,1566,,,,,100%,6.8,0.5,20,9,114,17,49,19,275,15,29
593,Isaiah Thomas,PG,30,WAS,40,925,100%,,,,,-10.6,-8.3,46,18,35,6,20,8,339,2,32
594,Khyri Thomas,SG,23,DET,8,61,6%,23%,71%,,,-30.0,-26.3,3,0,7,0,1,0,8,0,0
595,Lance Thomas,SF,31,BRK,7,98,,,12%,79%,8%,-26.0,-26.1,1,2,6,2,3,0,16,2,0
596,Matt Thomas,SG,25,TOR,41,440,56%,40%,4%,,,7.0,0.4,8,1,22,1,4,1,54,1,13
597,Tristan Thompson,C,28,CLE,57,1721,,,,1%,99%,-9.9,-4.1,26,31,61,22,67,4,290,14,65
598,Sindarius Thornwell,SG,25,NOP,2,35,3%,52%,45%,,,-5.9,-4.6,1,0,1,1,2,0,8,0,1
599,Matisse Thybulle,SG,22,PHI,65,1287,14%,64%,22%,1%,,2.9,0.8,26,11,73,5,17,13,190,3,8
600,Anthony Tolliver,PF,34,TOT,55,872,,,9%,54%,37%,-5.7,-4.9,19,5,34,6,14,9,109,3,7
601,Anthony Tolliver,PF,34,POR,33,554,,,,49%,51%,-13.2,-14.6,14,3,28,1,11,6,77,3,5
602,Anthony Tolliver,PF,34,SAC,9,82,,,,86%,14%,-1.2,1.0,2,1,1,1,0,0,6,0,0
603,Anthony Tolliver,PF,34,MEM,13,236,,,33%,55%,12%,10.6,12.1,3,1,5,4,3,3,26,0,2
604,Juan Toscano-Anderson,SF,26,GSW,13,272,,1%,59%,39%,,-15.0,-6.8,8,4,15,1,3,2,62,1,7
605,Karl-Anthony Towns,C,24,MIN,35,1187,,,,,100%,-2.2,4.0,45,21,51,28,93,7,345,33,36
606,Gary Trent Jr.,SG,21,POR,61,1332,1%,43%,55%,1%,,-2.1,-1.9,8,6,27,4,19,14,151,4,11
607,Allonzo Trier,PG,24,NYK,24,291,41%,59%,,,,-12.2,-6.5,12,3,10,4,13,2,70,0,7
608,P.J. Tucker,PF,34,HOU,72,2467,,,3%,71%,26%,3.3,1.0,35,9,121,15,11,42,286,2,13
609,Rayjon Tucker,SG,22,UTA,20,161,1%,36%,59%,5%,,-5.8,-8.5,5,0,4,1,12,10,13,2,3
610,,,,,,,,,,,,,,,,,,,,,,
611,Evan Turner,PG,31,ATL,19,251,63%,32%,6%,,,-12.2,-4.6,18,5,12,1,8,1,92,3,4
612,Myles Turner,C,23,IND,62,1826,,,,,100%,0.7,-3.3,27,20,95,22,86,15,177,23,22
613,Jarrod Uthoff,SF,26,TOT,7,53,,,16%,84%,,9.3,12.1,0,0,2,0,1,0,0,0,0
614,Jarrod Uthoff,SF,26,MEM,4,14,,,,100%,,34.6,35.5,0,0,1,0,1,0,0,0,0
615,Jarrod Uthoff,SF,26,WAS,3,39,,,22%,78%,,1.2,5.9,0,0,1,0,0,0,0,0,0
616,Jonas Valančiūnas,C,27,MEM,70,1845,,,,,100%,0.6,2.7,37,38,97,27,92,4,316,17,39
617,Denzel Valentine,SF,26,CHI,36,488,,22%,76%,3%,,-5.6,-2.7,18,2,26,1,4,1,106,0,2
618,Jarred Vanderbilt,SF-PF,20,TOT,11,46,,,33%,51%,15%,-26.5,-25.6,3,1,3,1,1,0,6,0,0
619,Jarred Vanderbilt,SF,20,DEN,9,41,,,37%,55%,8%,-17.5,-20.0,3,1,3,1,0,0,6,0,0
620,Jarred Vanderbilt,PF,20,MIN,2,5,,,,22%,78%,-100.0,-95.6,0,0,0,0,1,0,0,0,0
621,Fred VanVleet,PG,25,TOR,54,1928,44%,56%,,,,5.2,-3.3,60,34,46,18,75,10,860,19,51
622,Gabe Vincent,PG,23,MIA,9,83,69%,31%,,,,-17.2,-20.6,0,1,4,0,0,1,15,0,3
623,Noah Vonleh,C-PF,24,TOT,36,377,,,,7%,93%,-7.8,-7.2,7,4,18,7,10,1,68,1,10
624,Noah Vonleh,C,24,MIN,29,347,,,,7%,93%,-6.9,-2.6,7,3,17,7,9,1,62,1,10
625,Noah Vonleh,PF,24,DEN,7,30,,,,,100%,-21.0,-23.4,0,1,1,0,1,0,6,0,0
626,Nikola Vučević,C,29,ORL,62,1998,,,,,100%,0.8,4.3,34,27,87,9,76,2,530,23,50
627,Dean Wade,PF,23,CLE,12,71,,,16%,68%,17%,-7.5,0.6,3,0,3,0,1,0,5,1,0
628,Moritz Wagner,C,22,WAS,45,835,,,,3%,97%,-4.8,-0.3,14,12,70,24,40,38,137,6,23
629,Dion Waiters,SG,28,TOT,10,207,22%,66%,12%,,,6.2,1.9,8,4,4,4,8,1,52,5,7
630,Dion Waiters,SG,28,MIA,3,42,43%,57%,,,,16.8,14.0,0,1,2,2,1,0,7,1,4
631,Dion Waiters,SG,28,LAL,7,165,17%,68%,15%,,,3.6,-2.3,8,3,2,2,7,1,45,4,3
632,Kemba Walker,PG,29,BOS,56,1742,100%,,,,,6.1,-0.7,56,49,53,1,88,34,643,18,64
633,Lonnie Walker,SG,21,SAS,61,988,3%,24%,73%,,,0.3,2.0,15,14,38,6,32,4,166,8,21
634,Tyrone Wallace,SG,25,ATL,14,160,71%,29%,,,,-10.4,-2.6,2,3,11,2,6,3,31,1,5
635,Taurean Prince,SF,25,BRK,64,1857,,,16%,83%,1%,1.7,5.0,54,30,65,17,30,20,279,3,27
636,Derrick Walton,PG,24,TOT,26,248,100%,,,,,-2.4,-4.0,3,0,8,2,3,1,71,0,1
637,Derrick Walton,PG,24,LAC,23,222,100%,,,,,-0.3,-7.2,3,0,7,1,3,0,58,0,1
638,Derrick Walton,PG,24,DET,3,26,100%,,,,,-20.7,-16.7,0,0,1,1,0,1,13,0,0
639,Brad Wanamaker,PG,30,BOS,71,1369,81%,19%,,,,5.5,-1.6,37,19,55,5,62,5,433,10,26
640,T.J. Warren,SF,26,IND,67,2202,,1%,58%,39%,2%,3.3,2.5,29,23,74,16,107,21,230,40,33
641,,,,,,,,,,,,,,,,,,,,,,
642,P.J. Washington,PF,21,CHO,58,1759,,,6%,85%,9%,-6.9,0.6,43,25,98,13,69,5,310,17,40
643,Yuta Watanabe,SG,25,MEM,18,105,,,29%,67%,5%,2.7,3.5,0,2,5,0,4,1,12,0,2
644,Tremont Waters,PG,22,BOS,11,119,100%,,,,,7.9,1.5,11,4,5,0,1,0,39,0,2
645,Paul Watson,SF-SG,25,TOT,10,87,,4%,77%,19%,,15.2,15.9,2,0,3,0,4,1,19,1,4
646,Paul Watson,SG,25,ATL,2,17,,21%,45%,35%,,22.1,30.2,0,0,1,0,0,0,8,0,1
647,Paul Watson,SF,25,TOR,8,70,,,85%,15%,,13.8,7.3,2,0,2,0,4,1,11,1,3
648,Quinndary Weatherspoon,SG,23,SAS,11,78,27%,69%,4%,,,-12.5,-11.6,3,1,3,0,0,0,29,0,2
649,Russell Westbrook,PG,31,HOU,57,2049,100%,,,,,2.8,-0.5,131,80,68,25,187,5,1014,46,81
650,Coby White,SG,19,CHI,65,1674,12%,71%,17%,,,-4.6,-2.6,48,36,46,10,62,16,427,16,61
651,Derrick White,SG,25,SAS,68,1677,9%,84%,7%,,,0.5,3.2,48,24,84,4,94,53,555,26,27
652,Hassan Whiteside,C,30,POR,67,2008,,,,,100%,2.6,8.0,33,38,114,27,115,10,191,44,39
653,Andrew Wiggins,SF-SG,24,TOT,54,1858,,10%,83%,7%,,-5.4,1.8,48,52,84,16,133,3,493,35,56
654,Andrew Wiggins,SF,24,MIN,42,1455,,8%,84%,8%,,-4.2,0.8,36,44,68,14,104,1,388,24,45
655,Andrew Wiggins,SG,24,GSW,12,403,,17%,80%,2%,,-10.0,-1.4,12,8,16,2,29,2,105,11,11
656,Grant Williams,PF,21,BOS,69,1043,,1%,38%,55%,6%,7.2,1.0,22,6,85,19,22,12,161,7,14
657,Johnathan Williams,C,24,WAS,15,180,,,,84%,17%,-10.4,-6.1,1,1,5,2,6,2,19,1,4
658,Kenrich Williams,PF,25,NOP,39,832,,,5%,90%,5%,-1.4,-0.1,11,7,46,3,10,16,143,4,5
659,Lou Williams,SG,33,LAC,65,1864,62%,37%,1%,,,3.5,-6.6,129,32,17,8,135,20,854,26,50
660,Marvin Williams,PF,33,TOT,58,1129,,,2%,77%,22%,-2.4,-5.7,17,4,38,10,16,6,149,6,8
661,Marvin Williams,PF,33,CHO,41,808,,,,72%,28%,-6.0,1.6,14,2,24,9,14,4,104,5,7
662,Marvin Williams,PF,33,MIL,17,321,,,6%,89%,6%,6.0,-4.4,3,2,14,1,2,2,45,1,1
663,Robert Williams,C,22,BOS,29,388,,,,2%,98%,5.1,-1.6,8,5,29,5,14,3,63,6,1
664,Nigel Williams-Goss,PG,25,UTA,10,50,69%,31%,,,,2.9,0.6,2,0,3,1,0,0,14,0,1
665,Zion Williamson,PF,19,NOP,24,668,,,,92%,8%,4.7,7.6,19,25,16,9,88,4,126,18,39
666,D.J. Wilson,PF,23,MIL,37,363,,,1%,61%,38%,-4.7,-16.3,6,3,21,2,7,3,62,2,3
667,Justise Winslow,SF,23,MIA,11,352,,17%,52%,31%,,7.5,5.1,16,4,15,2,10,3,104,1,4
668,,,,,,,,,,,,,,,,,,,,,,
669,Christian Wood,PF,24,DET,62,1325,,,,47%,53%,2.2,10.9,24,30,49,15,105,13,144,30,31
670,Delon Wright,SG,27,DAL,73,1570,7%,65%,28%,1%,,2.1,-4.9,41,25,45,2,41,7,636,10,30
671,Justin Wright-Foreman,PG,22,UTA,4,45,100%,,,,,-27.9,-30.6,3,0,4,0,2,0,16,0,1
672,Thaddeus Young,PF,31,CHI,64,1591,,,2%,96%,3%,-6.2,-5.8,50,22,69,18,28,26,279,6,44
673,Trae Young,PG,21,ATL,60,2120,98%,3%,,,,-5.5,7.4,186,68,43,15,203,29,1292,36,80
674,Cody Zeller,C,27,CHO,58,1341,,,,,100%,-9.4,-3.9,24,20,62,22,90,8,211,26,44
675,Tyler Zeller,C,30,SAS,2,4,,,,,100%,33.3,34.5,0,0,0,0,0,0,0,0,0
676,Ante Žižić,C,23,CLE,22,221,,,,,100%,1.5,10.3,1,5,13,3,8,0,14,5,5
677,Ivica Zubac,C,22,LAC,72,1326,,,,,100%,9.2,4.4,18,13,113,20,75,1,196,11,28
